Timestamp,Runtime (s),Runtime (stddev),Mypy commit,Benchmark commit,Python version,Hardware,OS,C compiler
2026-06-07 02:48:02.228340+00:00,0.431766,0.299931,e15a6d58da79c9703812b9102e6c18e09351b830,74516368e3a2f7ddaa22181e7c1493bf70362192,3.13.1,Intel Core i5-1145G7 (64-bit),Ubuntu 24.04.1 LTS,clang 18.1.3
2026-06-10 03:06:11.142507+00:00,0.431193,0.222870,5004eae4add3a8fd0be58597b98acdf18963a1e4,74516368e3a2f7ddaa22181e7c1493bf70362192,3.13.1,Intel Core i5-1145G7 (64-bit),Ubuntu 24.04.1 LTS,clang 18.1.3
2026-06-10 03:45:48.508503+00:00,0.431221,0.206854,e0c375a97105ecf43c9ff9b858e01cd6e938a077,74516368e3a2f7ddaa22181e7c1493bf70362192,3.13.1,Intel Core i5-1145G7 (64-bit),Ubuntu 24.04.1 LTS,clang 18.1.3
2026-06-13 03:05:36.099327+00:00,0.431920,0.143545,f8bf7ab5778e5c68417c850aa7e4ca2e0b74f149,74516368e3a2f7ddaa22181e7c1493bf70362192,3.13.1,Intel Core i5-1145G7 (64-bit),Ubuntu 24.04.1 LTS,clang 18.1.3
2026-06-16 03:05:32.226130+00:00,0.431296,0.141898,0da2bbdb9e90f264738e24fa7881c27d97d8bf65,74516368e3a2f7ddaa22181e7c1493bf70362192,3.13.1,Intel Core i5-1145G7 (64-bit),Ubuntu 24.04.1 LTS,clang 18.1.3
2026-06-16 03:44:59.951543+00:00,0.431433,0.211157,0f9676e3999afdf17ccdb67f2a8c26062fb44407,74516368e3a2f7ddaa22181e7c1493bf70362192,3.13.1,Intel Core i5-1145G7 (64-bit),Ubuntu 24.04.1 LTS,clang 18.1.3
2026-06-16 04:24:26.350136+00:00,0.432595,0.322241,22a9cfd1595798810e27ef145ea4c989ccdcc883,74516368e3a2f7ddaa22181e7c1493bf70362192,3.13.1,Intel Core i5-1145G7 (64-bit),Ubuntu 24.04.1 LTS,clang 18.1.3
2026-06-16 05:03:51.997115+00:00,0.430823,0.160391,27d7a353b1bf54060657857fe72d2bb12ce7d480,74516368e3a2f7ddaa22181e7c1493bf70362192,3.13.1,Intel Core i5-1145G7 (64-bit),Ubuntu 24.04.1 LTS,clang 18.1.3
2026-06-16 05:43:19.902672+00:00,0.431238,0.167657,8b6642db9791428e158c31b4fd3ed8bc96832ccb,74516368e3a2f7ddaa22181e7c1493bf70362192,3.13.1,Intel Core i5-1145G7 (64-bit),Ubuntu 24.04.1 LTS,clang 18.1.3
2026-06-17 03:05:33.908467+00:00,0.433596,0.504848,0cd154158ab2829a2f8c7a2728c7d4ed55e8f193,74516368e3a2f7ddaa22181e7c1493bf70362192,3.13.1,Intel Core i5-1145G7 (64-bit),Ubuntu 24.04.1 LTS,clang 18.1.3
2026-06-19 03:05:31.893065+00:00,0.432518,0.405763,74ecdd8ecc9bee271eab49948436af63751ed1ff,74516368e3a2f7ddaa22181e7c1493bf70362192,3.13.1,Intel Core i5-1145G7 (64-bit),Ubuntu 24.04.1 LTS,clang 18.1.3
2026-06-20 03:05:31.096463+00:00,0.431163,0.161656,5ef090270579013c337a9bcc79e2c58417f09538,74516368e3a2f7ddaa22181e7c1493bf70362192,3.13.1,Intel Core i5-1145G7 (64-bit),Ubuntu 24.04.1 LTS,clang 18.1.3
2026-06-20 03:44:54.964623+00:00,0.431295,0.171113,8d621adb954731ba76b25bf7130275f3cadbb81a,74516368e3a2f7ddaa22181e7c1493bf70362192,3.13.1,Intel Core i5-1145G7 (64-bit),Ubuntu 24.04.1 LTS,clang 18.1.3
2026-06-23 03:05:47.347302+00:00,0.433062,0.599914,1b206eb2850e0cad975476ec4753e60860c3b96a,74516368e3a2f7ddaa22181e7c1493bf70362192,3.13.1,Intel Core i5-1145G7 (64-bit),Ubuntu 24.04.1 LTS,clang 18.1.3
2026-06-23 03:45:10.014989+00:00,0.431751,0.346959,3179030edcee070153b29cf21e06a0966beb088c,74516368e3a2f7ddaa22181e7c1493bf70362192,3.13.1,Intel Core i5-1145G7 (64-bit),Ubuntu 24.04.1 LTS,clang 18.1.3
2026-06-23 04:24:27.499606+00:00,0.431625,0.241645,862af99f68160d783b289905f3907dc693a40af2,74516368e3a2f7ddaa22181e7c1493bf70362192,3.13.1,Intel Core i5-1145G7 (64-bit),Ubuntu 24.04.1 LTS,clang 18.1.3
2026-06-23 05:03:49.218990+00:00,0.432087,0.285822,9d5e32c76ef28862cb373ee1a33db9268406b83f,74516368e3a2f7ddaa22181e7c1493bf70362192,3.13.1,Intel Core i5-1145G7 (64-bit),Ubuntu 24.04.1 LTS,clang 18.1.3
2026-06-25 03:05:32.238535+00:00,0.431279,0.322297,24335663f560c3e2b1311464f0edd80e88ea5ff8,74516368e3a2f7ddaa22181e7c1493bf70362192,3.13.1,Intel Core i5-1145G7 (64-bit),Ubuntu 24.04.1 LTS,clang 18.1.3
2026-06-30 03:05:32.149133+00:00,0.431386,0.181044,5374fec1e0e676db587bebc36a1192b9819bc559,74516368e3a2f7ddaa22181e7c1493bf70362192,3.13.1,Intel Core i5-1145G7 (64-bit),Ubuntu 24.04.1 LTS,clang 18.1.3
2026-06-30 03:44:53.609380+00:00,0.432619,0.245482,629f456429d39abdf4754f517503200a7a4f8b17,74516368e3a2f7ddaa22181e7c1493bf70362192,3.13.1,Intel Core i5-1145G7 (64-bit),Ubuntu 24.04.1 LTS,clang 18.1.3
2026-07-01 03:05:53.578597+00:00,0.429732,0.362319,47f0df577f42c726f847163f9c0a15df681a8479,74516368e3a2f7ddaa22181e7c1493bf70362192,3.13.1,Intel Core i5-1145G7 (64-bit),Ubuntu 24.04.1 LTS,clang 18.1.3
2026-07-01 03:45:18.420711+00:00,0.433646,0.639000,79a769ac7834aeada0a9af516f8bd8cdacd28542,74516368e3a2f7ddaa22181e7c1493bf70362192,3.13.1,Intel Core i5-1145G7 (64-bit),Ubuntu 24.04.1 LTS,clang 18.1.3
2026-07-02 03:05:40.795153+00:00,0.428993,0.121680,a6eadee843fd1c549d4c8e086d88997f2c7f525c,74516368e3a2f7ddaa22181e7c1493bf70362192,3.13.1,Intel Core i5-1145G7 (64-bit),Ubuntu 24.04.1 LTS,clang 18.1.3
2026-07-02 03:45:08.680243+00:00,0.429679,0.203175,d67a13887480ac9a06523139167a4f772c5cb49f,74516368e3a2f7ddaa22181e7c1493bf70362192,3.13.1,Intel Core i5-1145G7 (64-bit),Ubuntu 24.04.1 LTS,clang 18.1.3
2026-07-03 03:05:37.749313+00:00,0.428745,0.085599,1462b4ec41ea12514b89e919ab15587378eb04c2,74516368e3a2f7ddaa22181e7c1493bf70362192,3.13.1,Intel Core i5-1145G7 (64-bit),Ubuntu 24.04.1 LTS,clang 18.1.3
2026-07-06 03:05:32.659678+00:00,0.429350,0.154652,0c6013d74ec64b1ae4f77fbadfe4e1fb8093809d,74516368e3a2f7ddaa22181e7c1493bf70362192,3.13.1,Intel Core i5-1145G7 (64-bit),Ubuntu 24.04.1 LTS,clang 18.1.3
2026-07-07 03:05:36.749255+00:00,0.428733,0.194993,0f956541afff9e956ac1658f0f927192b8c13c6b,74516368e3a2f7ddaa22181e7c1493bf70362192,3.13.1,Intel Core i5-1145G7 (64-bit),Ubuntu 24.04.1 LTS,clang 18.1.3
2026-07-07 03:45:01.898204+00:00,0.429110,0.260772,1cc7e8fdc3c7c7086ea46db996fd7d64f13a758d,74516368e3a2f7ddaa22181e7c1493bf70362192,3.13.1,Intel Core i5-1145G7 (64-bit),Ubuntu 24.04.1 LTS,clang 18.1.3
2026-07-07 04:24:26.652221+00:00,0.428861,0.150398,2f21f985ea7444083486febbcad1102dde8294d2,74516368e3a2f7ddaa22181e7c1493bf70362192,3.13.1,Intel Core i5-1145G7 (64-bit),Ubuntu 24.04.1 LTS,clang 18.1.3
2026-07-07 05:03:49.112683+00:00,0.428950,0.115631,50e04b28a207662d5a672cdd9ddc04f3600d2e61,74516368e3a2f7ddaa22181e7c1493bf70362192,3.13.1,Intel Core i5-1145G7 (64-bit),Ubuntu 24.04.1 LTS,clang 18.1.3
2026-07-07 05:43:13.669052+00:00,0.429597,0.178307,a805f692014921d840e70ad8e511e3a6a10c28cb,74516368e3a2f7ddaa22181e7c1493bf70362192,3.13.1,Intel Core i5-1145G7 (64-bit),Ubuntu 24.04.1 LTS,clang 18.1.3
2026-07-07 06:22:34.693847+00:00,0.429061,0.196942,c3d9b5cc52534f9908940a810596afe50b4ea3bf,74516368e3a2f7ddaa22181e7c1493bf70362192,3.13.1,Intel Core i5-1145G7 (64-bit),Ubuntu 24.04.1 LTS,clang 18.1.3
2026-07-07 07:01:56.863647+00:00,0.428795,0.184237,cd747e557aaf5d96983e32dc69ebf84d6dfc99de,74516368e3a2f7ddaa22181e7c1493bf70362192,3.13.1,Intel Core i5-1145G7 (64-bit),Ubuntu 24.04.1 LTS,clang 18.1.3
2026-07-07 07:41:17.910354+00:00,0.428560,0.134870,d308a8dd60d92dbc0ac6e8443d0ef1a9807a21cd,74516368e3a2f7ddaa22181e7c1493bf70362192,3.13.1,Intel Core i5-1145G7 (64-bit),Ubuntu 24.04.1 LTS,clang 18.1.3
2026-07-07 08:20:42.795300+00:00,0.430133,0.427775,ee076569870fc9a281551c7f7f1e4ab8b00e33b7,74516368e3a2f7ddaa22181e7c1493bf70362192,3.13.1,Intel Core i5-1145G7 (64-bit),Ubuntu 24.04.1 LTS,clang 18.1.3
2026-07-08 03:05:33.766396+00:00,0.428481,0.075616,523acf6d19bcf45bb4189cc3542c9a7f8fa6f3d3,74516368e3a2f7ddaa22181e7c1493bf70362192,3.13.1,Intel Core i5-1145G7 (64-bit),Ubuntu 24.04.1 LTS,clang 18.1.3
2026-07-08 03:45:02.807373+00:00,0.429029,0.217934,b6d93f5a26abcb8554d9938b162ce3eda74b4ea8,74516368e3a2f7ddaa22181e7c1493bf70362192,3.13.1,Intel Core i5-1145G7 (64-bit),Ubuntu 24.04.1 LTS,clang 18.1.3
2026-07-08 04:24:27.469948+00:00,0.430880,0.862421,c07d7888e7b61983924632036a864c4d210848fe,74516368e3a2f7ddaa22181e7c1493bf70362192,3.13.1,Intel Core i5-1145G7 (64-bit),Ubuntu 24.04.1 LTS,clang 18.1.3
2026-07-08 05:03:51.941511+00:00,0.429347,0.159312,cfc07346408d92ac91c18e3698c74b9c0d3a4a65,74516368e3a2f7ddaa22181e7c1493bf70362192,3.13.1,Intel Core i5-1145G7 (64-bit),Ubuntu 24.04.1 LTS,clang 18.1.3
2026-07-08 05:43:17.508030+00:00,0.428965,0.141037,e986558a7ce0c32a5115137e9a6cfa24984459ee,74516368e3a2f7ddaa22181e7c1493bf70362192,3.13.1,Intel Core i5-1145G7 (64-bit),Ubuntu 24.04.1 LTS,clang 18.1.3
2026-07-08 06:22:46.059828+00:00,0.430108,0.549629,f3294a092bd2f43979bc1d83e3f27e1c2e0a1453,74516368e3a2f7ddaa22181e7c1493bf70362192,3.13.1,Intel Core i5-1145G7 (64-bit),Ubuntu 24.04.1 LTS,clang 18.1.3
2026-07-08 07:02:13.903993+00:00,0.431545,0.871751,f5163c011078ef66753cdf706b7b2dd14da401ab,74516368e3a2f7ddaa22181e7c1493bf70362192,3.13.1,Intel Core i5-1145G7 (64-bit),Ubuntu 24.04.1 LTS,clang 18.1.3
2026-07-09 03:05:34.090530+00:00,0.428960,0.165983,732802c8b6a3859b8d2160404e6410690c214409,74516368e3a2f7ddaa22181e7c1493bf70362192,3.13.1,Intel Core i5-1145G7 (64-bit),Ubuntu 24.04.1 LTS,clang 18.1.3
2026-07-09 03:45:02.805492+00:00,0.430291,0.323037,77ccc7a4d0e15aa0b7f905e348e1c66e37c5d646,74516368e3a2f7ddaa22181e7c1493bf70362192,3.13.1,Intel Core i5-1145G7 (64-bit),Ubuntu 24.04.1 LTS,clang 18.1.3
2026-07-09 04:24:28.590741+00:00,0.428924,0.132891,7a45d255818e972b293825d701393732b971c4b3,74516368e3a2f7ddaa22181e7c1493bf70362192,3.13.1,Intel Core i5-1145G7 (64-bit),Ubuntu 24.04.1 LTS,clang 18.1.3
2026-07-09 05:03:54.302506+00:00,0.428946,0.117031,89deb7db255fb414aab70d3fb77b4f2209f2b326,74516368e3a2f7ddaa22181e7c1493bf70362192,3.13.1,Intel Core i5-1145G7 (64-bit),Ubuntu 24.04.1 LTS,clang 18.1.3
2026-07-09 05:43:25.726173+00:00,0.429400,0.144853,e68ecefd1884f7e53e8ac45f0373e60c717e4753,74516368e3a2f7ddaa22181e7c1493bf70362192,3.13.1,Intel Core i5-1145G7 (64-bit),Ubuntu 24.04.1 LTS,clang 18.1.3
2026-07-10 03:05:39.436742+00:00,0.428741,0.160237,0faa413ebf7c924a864ef5dabd70303d898e7766,74516368e3a2f7ddaa22181e7c1493bf70362192,3.13.1,Intel Core i5-1145G7 (64-bit),Ubuntu 24.04.1 LTS,clang 18.1.3
2026-07-10 03:45:07.857838+00:00,0.429247,0.291441,24c237d85b48f618e655ffff1dc0f19089d9b599,74516368e3a2f7ddaa22181e7c1493bf70362192,3.13.1,Intel Core i5-1145G7 (64-bit),Ubuntu 24.04.1 LTS,clang 18.1.3
2026-07-10 04:24:40.132350+00:00,0.430052,0.621553,3d75cdb09f0928fa8b83e5ef03572ed878ac8d09,74516368e3a2f7ddaa22181e7c1493bf70362192,3.13.1,Intel Core i5-1145G7 (64-bit),Ubuntu 24.04.1 LTS,clang 18.1.3
2026-07-10 05:04:02.909182+00:00,0.429038,0.137517,af2bc0f3cc7f2f129f0c11294158d0c292692c3d,74516368e3a2f7ddaa22181e7c1493bf70362192,3.13.1,Intel Core i5-1145G7 (64-bit),Ubuntu 24.04.1 LTS,clang 18.1.3
2026-07-10 05:43:30.544106+00:00,0.428717,0.121059,b5be217392b9b2771d1764066b9d600bf93ce7a8,74516368e3a2f7ddaa22181e7c1493bf70362192,3.13.1,Intel Core i5-1145G7 (64-bit),Ubuntu 24.04.1 LTS,clang 18.1.3
2026-07-10 06:22:54.212040+00:00,0.429952,0.679378,cbcb51add3094ec91b29cdd4c624943bf251b63f,74516368e3a2f7ddaa22181e7c1493bf70362192,3.13.1,Intel Core i5-1145G7 (64-bit),Ubuntu 24.04.1 LTS,clang 18.1.3
2026-07-11 03:05:38.016221+00:00,0.430916,0.572501,519ef6dff27753db043617257c03ae9e5daba02d,74516368e3a2f7ddaa22181e7c1493bf70362192,3.13.1,Intel Core i5-1145G7 (64-bit),Ubuntu 24.04.1 LTS,clang 18.1.3
2026-07-11 03:45:09.426192+00:00,0.429385,0.338391,d5daed27b550c034bde1d697d37a64953bc6ec52,74516368e3a2f7ddaa22181e7c1493bf70362192,3.13.1,Intel Core i5-1145G7 (64-bit),Ubuntu 24.04.1 LTS,clang 18.1.3
2026-07-14 03:05:41.485819+00:00,0.431551,0.846945,2e6c87e9c336bca0f928e158f769d5347b0f8a3b,74516368e3a2f7ddaa22181e7c1493bf70362192,3.13.1,Intel Core i5-1145G7 (64-bit),Ubuntu 24.04.1 LTS,clang 18.1.3
2026-07-14 03:45:11.877000+00:00,0.428534,0.094742,40b75e09260905b3ade37e5bf36d795b733605d4,74516368e3a2f7ddaa22181e7c1493bf70362192,3.13.1,Intel Core i5-1145G7 (64-bit),Ubuntu 24.04.1 LTS,clang 18.1.3
2026-07-14 04:24:42.794406+00:00,0.429096,0.213938,4797517c9e97b2035568774fc6375999dc9e904b,74516368e3a2f7ddaa22181e7c1493bf70362192,3.13.1,Intel Core i5-1145G7 (64-bit),Ubuntu 24.04.1 LTS,clang 18.1.3
2026-07-14 05:04:12.130511+00:00,0.429523,0.277284,7ec7d36222ff86b012ffda6522697da0def372f4,74516368e3a2f7ddaa22181e7c1493bf70362192,3.13.1,Intel Core i5-1145G7 (64-bit),Ubuntu 24.04.1 LTS,clang 18.1.3
2026-07-16 03:05:37.436823+00:00,0.429048,0.173640,67eecf07fea3fa4bbaab9d46cd28372a8ded330b,74516368e3a2f7ddaa22181e7c1493bf70362192,3.13.1,Intel Core i5-1145G7 (64-bit),Ubuntu 24.04.1 LTS,clang 18.1.3
2026-07-16 03:45:07.005764+00:00,0.429601,0.223929,82e8498c19494edebee08dd615470443ec53fffc,74516368e3a2f7ddaa22181e7c1493bf70362192,3.13.1,Intel Core i5-1145G7 (64-bit),Ubuntu 24.04.1 LTS,clang 18.1.3
2026-07-18 03:06:18.886511+00:00,0.428853,0.127316,2601fb7916742dc8a020bb4a010bad45f1fd6f4f,74516368e3a2f7ddaa22181e7c1493bf70362192,3.13.1,Intel Core i5-1145G7 (64-bit),Ubuntu 24.04.1 LTS,clang 18.1.3
2026-07-19 03:05:45.107122+00:00,0.429467,0.231683,d17b99ed5929b74157e1b87f7899ce2682a622fb,74516368e3a2f7ddaa22181e7c1493bf70362192,3.13.1,Intel Core i5-1145G7 (64-bit),Ubuntu 24.04.1 LTS,clang 18.1.3
2026-07-22 03:05:41.595172+00:00,0.429323,0.130438,3d657d66915fe8b12bebb7ce12a44e5dc59d66f8,74516368e3a2f7ddaa22181e7c1493bf70362192,3.13.1,Intel Core i5-1145G7 (64-bit),Ubuntu 24.04.1 LTS,clang 18.1.3
2026-07-25 03:05:43.397343+00:00,0.428640,0.135312,0e3b5dbc4a2ac0de285c98b8e8e5814e27110ed1,74516368e3a2f7ddaa22181e7c1493bf70362192,3.13.1,Intel Core i5-1145G7 (64-bit),Ubuntu 24.04.1 LTS,clang 18.1.3
2026-07-26 03:05:40.991775+00:00,0.429608,0.266988,722047e369657c936851a349ebba6b4c5504b8e2,74516368e3a2f7ddaa22181e7c1493bf70362192,3.13.1,Intel Core i5-1145G7 (64-bit),Ubuntu 24.04.1 LTS,clang 18.1.3
2026-07-26 03:45:13.445447+00:00,0.430004,0.647436,ff541157ece30a7127eae840c18a2b7a6cfe04c8,74516368e3a2f7ddaa22181e7c1493bf70362192,3.13.1,Intel Core i5-1145G7 (64-bit),Ubuntu 24.04.1 LTS,clang 18.1.3
2026-07-30 03:05:41.169687+00:00,0.428859,0.163923,60fa82e5d8984020cb741a62020671dacdfc482c,74516368e3a2f7ddaa22181e7c1493bf70362192,3.13.1,Intel Core i5-1145G7 (64-bit),Ubuntu 24.04.1 LTS,clang 18.1.3
2026-08-01 03:05:41.085230+00:00,0.429024,0.128664,869d6ef8b9e70ebb2f2c7a18d2ad2f70f2d49d06,74516368e3a2f7ddaa22181e7c1493bf70362192,3.13.1,Intel Core i5-1145G7 (64-bit),Ubuntu 24.04.1 LTS,clang 18.1.3
2026-08-02 03:05:40.398380+00:00,0.429527,0.276350,630b101fbec8af5ecdb0a17d7886bb6b90fd8bba,74516368e3a2f7ddaa22181e7c1493bf70362192,3.13.1,Intel Core i5-1145G7 (64-bit),Ubuntu 24.04.1 LTS,clang 18.1.3
2026-08-03 03:05:42.754498+00:00,0.429174,0.261432,f709fc1b6ca158fb2b40e60a3deceec7fe56f538,74516368e3a2f7ddaa22181e7c1493bf70362192,3.13.1,Intel Core i5-1145G7 (64-bit),Ubuntu 24.04.1 LTS,clang 18.1.3
2026-08-07 03:05:42.586420+00:00,0.429389,0.180256,20a49fa20e409b175ec33fef48853f480503722d,74516368e3a2f7ddaa22181e7c1493bf70362192,3.13.1,Intel Core i5-1145G7 (64-bit),Ubuntu 24.04.1 LTS,clang 18.1.3
2026-08-07 03:45:17.317978+00:00,0.429338,0.279733,82dd3af3e03bb71a966d1266d1fe1ca2d6c23a4c,74516368e3a2f7ddaa22181e7c1493bf70362192,3.13.1,Intel Core i5-1145G7 (64-bit),Ubuntu 24.04.1 LTS,clang 18.1.3
2026-08-07 04:24:55.186201+00:00,0.429590,0.157359,9105bb56d494d5464f8fbfadb0bc528e7d6d3174,74516368e3a2f7ddaa22181e7c1493bf70362192,3.13.1,Intel Core i5-1145G7 (64-bit),Ubuntu 24.04.1 LTS,clang 18.1.3
2026-08-07 05:04:28.956479+00:00,0.429176,0.270751,d79a9e684c86c1e8265d673c01b28ce9072f06e0,74516368e3a2f7ddaa22181e7c1493bf70362192,3.13.1,Intel Core i5-1145G7 (64-bit),Ubuntu 24.04.1 LTS,clang 18.1.3
2026-08-08 03:05:45.094498+00:00,0.430673,0.316017,14be7ab05211f6b4f6504bbd19af315c6db7dec6,74516368e3a2f7ddaa22181e7c1493bf70362192,3.13.1,Intel Core i5-1145G7 (64-bit),Ubuntu 24.04.1 LTS,clang 18.1.3
2026-08-08 03:45:20.524940+00:00,0.431158,0.693945,5bb72b788d5c031244f04f30f571f6fa199871ad,74516368e3a2f7ddaa22181e7c1493bf70362192,3.13.1,Intel Core i5-1145G7 (64-bit),Ubuntu 24.04.1 LTS,clang 18.1.3
2026-08-08 04:24:54.300823+00:00,0.429121,0.168251,7ecf0520f44f9cda9e73f0673ae3f8eb543913e2,74516368e3a2f7ddaa22181e7c1493bf70362192,3.13.1,Intel Core i5-1145G7 (64-bit),Ubuntu 24.04.1 LTS,clang 18.1.3
2026-08-11 03:05:45.837755+00:00,0.429652,0.613287,0221c8018430c27607ff5e41d3127bd48a3e6170,74516368e3a2f7ddaa22181e7c1493bf70362192,3.13.1,Intel Core i5-1145G7 (64-bit),Ubuntu 24.04.1 LTS,clang 18.1.3
2026-08-11 03:45:19.785927+00:00,0.428965,0.136142,ed90eafe48f0c21cb578a93f4ec2838c407707dd,74516368e3a2f7ddaa22181e7c1493bf70362192,3.13.1,Intel Core i5-1145G7 (64-bit),Ubuntu 24.04.1 LTS,clang 18.1.3
2026-08-13 03:05:43.246887+00:00,0.429527,0.142482,6eb141f03a8b43c274f15cc4978d617a71d8f37e,74516368e3a2f7ddaa22181e7c1493bf70362192,3.13.1,Intel Core i5-1145G7 (64-bit),Ubuntu 24.04.1 LTS,clang 18.1.3
2026-08-14 03:05:43.183010+00:00,0.429406,0.330456,b4b8d74164a38e0fe2a19f7406d6778fd6c8970d,74516368e3a2f7ddaa22181e7c1493bf70362192,3.13.1,Intel Core i5-1145G7 (64-bit),Ubuntu 24.04.1 LTS,clang 18.1.3
2026-08-15 03:05:43.085396+00:00,0.429678,0.323265,2d863837aa483135e35acdf0a0c844d15bce9e39,74516368e3a2f7ddaa22181e7c1493bf70362192,3.13.1,Intel Core i5-1145G7 (64-bit),Ubuntu 24.04.1 LTS,clang 18.1.3
2026-08-15 03:45:17.877821+00:00,0.429378,0.115749,7bafa9de9d3fcc3d9d603bea4d200b7ef7bcfac6,74516368e3a2f7ddaa22181e7c1493bf70362192,3.13.1,Intel Core i5-1145G7 (64-bit),Ubuntu 24.04.1 LTS,clang 18.1.3
2026-08-15 04:24:53.030490+00:00,0.429283,0.384362,8f3f594dfeae5f28cfabd8ce6fdc8be7abd4b35f,74516368e3a2f7ddaa22181e7c1493bf70362192,3.13.1,Intel Core i5-1145G7 (64-bit),Ubuntu 24.04.1 LTS,clang 18.1.3
2026-08-15 05:04:27.934413+00:00,0.428789,0.083957,d6d7295e6721a6d97bd474569820f6ea10e983dd,74516368e3a2f7ddaa22181e7c1493bf70362192,3.13.1,Intel Core i5-1145G7 (64-bit),Ubuntu 24.04.1 LTS,clang 18.1.3
2026-08-16 03:05:46.192954+00:00,0.429871,0.522715,358a3b5278505921abc67ca074ca0476261cf27f,74516368e3a2f7ddaa22181e7c1493bf70362192,3.13.1,Intel Core i5-1145G7 (64-bit),Ubuntu 24.04.1 LTS,clang 18.1.3
2026-08-20 03:05:58.533964+00:00,0.429044,0.199280,7f88c95bbf9af181a4de13e2c242c89216f15b19,74516368e3a2f7ddaa22181e7c1493bf70362192,3.13.1,Intel Core i5-1145G7 (64-bit),Ubuntu 24.04.1 LTS,clang 18.1.3
2026-08-20 03:45:43.513305+00:00,0.429525,0.220243,bd08f956022ff87c305742e842c6cbc75ad8972b,74516368e3a2f7ddaa22181e7c1493bf70362192,3.13.1,Intel Core i5-1145G7 (64-bit),Ubuntu 24.04.1 LTS,clang 18.1.3
2026-08-21 03:06:22.320886+00:00,0.428821,0.134089,d1173b8f4c7d53552c5529ecb893528242214a5b,74516368e3a2f7ddaa22181e7c1493bf70362192,3.13.1,Intel Core i5-1145G7 (64-bit),Ubuntu 24.04.1 LTS,clang 18.1.3
2026-08-22 03:05:54.827324+00:00,0.428666,0.052022,8b3e7d8b9f63543374e53d1c389ea443dd65bc46,74516368e3a2f7ddaa22181e7c1493bf70362192,3.13.1,Intel Core i5-1145G7 (64-bit),Ubuntu 24.04.1 LTS,clang 18.1.3
