Timestamp,Runtime (s),Runtime (stddev),Mypy commit,Benchmark commit,Python version,Hardware,OS,C compiler
2020-05-15 23:03:27.209379,0.089704,0.015607,22e504b09d55adc024ecd19604367651b2865db1,23b7a6518d01e052842da55645e0769ca81cee2e,3.8.2,Intel Core i7-2600K (64-bit),Ubuntu 20.04 LTS,clang 10.0.0-4ubuntu1
2020-05-15 23:03:35.677734,0.089635,0.161767,2d06ba71aa087e8d8a6eb4a37bb9a6254f7dbb70,23b7a6518d01e052842da55645e0769ca81cee2e,3.8.2,Intel Core i7-2600K (64-bit),Ubuntu 20.04 LTS,clang 10.0.0-4ubuntu1
2020-05-15 23:03:43.629538,0.089525,0.206646,781dd69817d00c8eafdff53562b05d6eb2639f90,23b7a6518d01e052842da55645e0769ca81cee2e,3.8.2,Intel Core i7-2600K (64-bit),Ubuntu 20.04 LTS,clang 10.0.0-4ubuntu1
2020-05-15 23:03:51.609381,0.089545,0.236752,2a3de7b7941f24b6bc53fe0cf8a2b7f8f7fd4e15,23b7a6518d01e052842da55645e0769ca81cee2e,3.8.2,Intel Core i7-2600K (64-bit),Ubuntu 20.04 LTS,clang 10.0.0-4ubuntu1
2020-05-15 23:03:59.669539,0.089628,0.179631,2c8d76efee7f6419654f0a913d29d9f4edb49574,23b7a6518d01e052842da55645e0769ca81cee2e,3.8.2,Intel Core i7-2600K (64-bit),Ubuntu 20.04 LTS,clang 10.0.0-4ubuntu1
2020-05-15 23:04:07.637553,0.089673,0.132704,125728a547f80ede4ecedc0ff7f890407d309caf,23b7a6518d01e052842da55645e0769ca81cee2e,3.8.2,Intel Core i7-2600K (64-bit),Ubuntu 20.04 LTS,clang 10.0.0-4ubuntu1
2020-05-15 23:04:15.533524,0.089501,0.215640,ecbd1901f9e943ac1f37acd6941ed19a6ec433f8,23b7a6518d01e052842da55645e0769ca81cee2e,3.8.2,Intel Core i7-2600K (64-bit),Ubuntu 20.04 LTS,clang 10.0.0-4ubuntu1
2020-05-15 23:04:23.465591,0.092671,0.047480,fd9ffb899532ed4bc414e73863d23f8402bb1ea5,23b7a6518d01e052842da55645e0769ca81cee2e,3.8.2,Intel Core i7-2600K (64-bit),Ubuntu 20.04 LTS,clang 10.0.0-4ubuntu1
2020-05-15 23:04:31.325424,0.092647,0.073397,2bbe22a97e472e8a325786c87417ac1bc21a7fd4,23b7a6518d01e052842da55645e0769ca81cee2e,3.8.2,Intel Core i7-2600K (64-bit),Ubuntu 20.04 LTS,clang 10.0.0-4ubuntu1
2020-05-15 23:04:39.153305,0.092671,0.026977,448c4474e4a42facf1245043b11004b088ea37fb,23b7a6518d01e052842da55645e0769ca81cee2e,3.8.2,Intel Core i7-2600K (64-bit),Ubuntu 20.04 LTS,clang 10.0.0-4ubuntu1
2020-05-15 23:04:46.997483,0.092637,0.082041,e22afc75783469b97877742ab339bbd7e20262a1,23b7a6518d01e052842da55645e0769ca81cee2e,3.8.2,Intel Core i7-2600K (64-bit),Ubuntu 20.04 LTS,clang 10.0.0-4ubuntu1
2020-05-15 23:04:55.017493,0.092615,0.100416,9076fb0ef4d7022059a38a6f09d26d9dbba3da22,23b7a6518d01e052842da55645e0769ca81cee2e,3.8.2,Intel Core i7-2600K (64-bit),Ubuntu 20.04 LTS,clang 10.0.0-4ubuntu1
2020-05-15 23:05:02.885368,0.092625,0.085290,8a738d0e62e4cd649211b3d7093f0874df7e04ec,23b7a6518d01e052842da55645e0769ca81cee2e,3.8.2,Intel Core i7-2600K (64-bit),Ubuntu 20.04 LTS,clang 10.0.0-4ubuntu1
2020-05-15 23:05:10.757468,0.092642,0.061527,5d94c2ba71ce3b9d01f677d4705959c4edd146cb,23b7a6518d01e052842da55645e0769ca81cee2e,3.8.2,Intel Core i7-2600K (64-bit),Ubuntu 20.04 LTS,clang 10.0.0-4ubuntu1
2020-05-15 23:05:18.665376,0.092655,0.071232,bc590e4efa9d1973938c7480039215c5ff84a20b,23b7a6518d01e052842da55645e0769ca81cee2e,3.8.2,Intel Core i7-2600K (64-bit),Ubuntu 20.04 LTS,clang 10.0.0-4ubuntu1
2020-05-15 23:05:26.505345,0.092665,0.049641,b2edab25b7e4a6131484bb6edf314e2fa078aee7,23b7a6518d01e052842da55645e0769ca81cee2e,3.8.2,Intel Core i7-2600K (64-bit),Ubuntu 20.04 LTS,clang 10.0.0-4ubuntu1
2020-05-15 23:05:34.285433,0.092631,0.077728,f2ead8531efd95617a12155e69299c6cc19a7080,23b7a6518d01e052842da55645e0769ca81cee2e,3.8.2,Intel Core i7-2600K (64-bit),Ubuntu 20.04 LTS,clang 10.0.0-4ubuntu1
2020-05-15 23:05:42.073631,0.092632,0.068011,492876ff7a3f77b590e8c6ef31f8d96e1c00c0c9,23b7a6518d01e052842da55645e0769ca81cee2e,3.8.2,Intel Core i7-2600K (64-bit),Ubuntu 20.04 LTS,clang 10.0.0-4ubuntu1
2020-05-15 23:05:49.837639,0.092595,0.091798,818cc4e0ac2b5d17c161fb65547ab77ead23ed28,23b7a6518d01e052842da55645e0769ca81cee2e,3.8.2,Intel Core i7-2600K (64-bit),Ubuntu 20.04 LTS,clang 10.0.0-4ubuntu1
2020-05-15 23:05:57.605352,0.092657,0.065834,dd9cdca2065d06d3b58663def602cf8f16328cd0,23b7a6518d01e052842da55645e0769ca81cee2e,3.8.2,Intel Core i7-2600K (64-bit),Ubuntu 20.04 LTS,clang 10.0.0-4ubuntu1
2020-05-15 23:06:05.369490,0.092618,0.076659,a6a53e5184296e88b0ba24cb1a11a2f4e5eaa696,23b7a6518d01e052842da55645e0769ca81cee2e,3.8.2,Intel Core i7-2600K (64-bit),Ubuntu 20.04 LTS,clang 10.0.0-4ubuntu1
2020-05-15 23:06:13.177495,0.092675,0.031292,df288e410b6d5b2ef568d1064d36e261e77dbd48,23b7a6518d01e052842da55645e0769ca81cee2e,3.8.2,Intel Core i7-2600K (64-bit),Ubuntu 20.04 LTS,clang 10.0.0-4ubuntu1
2020-05-15 23:06:20.973432,0.094060,0.058473,b5bf5a0c8ce31c9ede6301d83cd6e52c2dd13406,23b7a6518d01e052842da55645e0769ca81cee2e,3.8.2,Intel Core i7-2600K (64-bit),Ubuntu 20.04 LTS,clang 10.0.0-4ubuntu1
2020-05-15 23:06:28.761533,0.094044,0.054230,1cfd9b43aa300fdaee2e306d252ac982a72e5996,23b7a6518d01e052842da55645e0769ca81cee2e,3.8.2,Intel Core i7-2600K (64-bit),Ubuntu 20.04 LTS,clang 10.0.0-4ubuntu1
2020-05-15 23:06:36.569472,0.094070,0.034017,024f3feec512df0af59f3c3f8e2a495127a117c3,23b7a6518d01e052842da55645e0769ca81cee2e,3.8.2,Intel Core i7-2600K (64-bit),Ubuntu 20.04 LTS,clang 10.0.0-4ubuntu1
2020-05-15 23:06:44.393521,0.094054,0.060603,d302262d775b68c65f74889011335d0bc51f2b30,23b7a6518d01e052842da55645e0769ca81cee2e,3.8.2,Intel Core i7-2600K (64-bit),Ubuntu 20.04 LTS,clang 10.0.0-4ubuntu1
2020-05-15 23:06:52.261406,0.094076,0.044645,6aed4ba118195f939ce97cf3c25e140d4a571ada,23b7a6518d01e052842da55645e0769ca81cee2e,3.8.2,Intel Core i7-2600K (64-bit),Ubuntu 20.04 LTS,clang 10.0.0-4ubuntu1
2020-05-15 23:07:00.125474,0.094069,0.064846,38830934e815fb3111ccd3992a2ed5b3d0966d76,23b7a6518d01e052842da55645e0769ca81cee2e,3.8.2,Intel Core i7-2600K (64-bit),Ubuntu 20.04 LTS,clang 10.0.0-4ubuntu1
2020-05-15 23:07:07.969542,0.094087,0.019131,d73182c2eb655cb229d6ee778f046a711fce433f,23b7a6518d01e052842da55645e0769ca81cee2e,3.8.2,Intel Core i7-2600K (64-bit),Ubuntu 20.04 LTS,clang 10.0.0-4ubuntu1
2020-05-15 23:07:15.805400,0.094074,0.045709,aa5c02a234434aecbaa663ff459940487096a7a1,23b7a6518d01e052842da55645e0769ca81cee2e,3.8.2,Intel Core i7-2600K (64-bit),Ubuntu 20.04 LTS,clang 10.0.0-4ubuntu1
2020-05-15 23:07:23.669438,0.094091,0.020193,ba1294814cba969fbb27a46e90727642e5c40ff7,23b7a6518d01e052842da55645e0769ca81cee2e,3.8.2,Intel Core i7-2600K (64-bit),Ubuntu 20.04 LTS,clang 10.0.0-4ubuntu1
2020-05-15 23:07:31.501607,0.094061,0.042526,3a4a6927c61036bc9086662b2fb4ad028cf9a9a0,23b7a6518d01e052842da55645e0769ca81cee2e,3.8.2,Intel Core i7-2600K (64-bit),Ubuntu 20.04 LTS,clang 10.0.0-4ubuntu1
2020-05-15 23:07:39.325494,0.094056,0.060602,3e6e75e4ff5e256bc910db6801affdd28f84826b,23b7a6518d01e052842da55645e0769ca81cee2e,3.8.2,Intel Core i7-2600K (64-bit),Ubuntu 20.04 LTS,clang 10.0.0-4ubuntu1
2020-05-15 23:07:47.149450,0.094102,0.031880,14ac8af8f4b6473541427beabb9c2ce4337eca68,23b7a6518d01e052842da55645e0769ca81cee2e,3.8.2,Intel Core i7-2600K (64-bit),Ubuntu 20.04 LTS,clang 10.0.0-4ubuntu1
2020-05-15 23:07:55.125433,0.094074,0.043583,ce24783d1109883ee8aa0e567a911aa4df0562d2,23b7a6518d01e052842da55645e0769ca81cee2e,3.8.2,Intel Core i7-2600K (64-bit),Ubuntu 20.04 LTS,clang 10.0.0-4ubuntu1
2020-05-15 23:08:02.905505,0.094064,0.041461,d9e209f625f4359deafddead70009433f5dbbc80,23b7a6518d01e052842da55645e0769ca81cee2e,3.8.2,Intel Core i7-2600K (64-bit),Ubuntu 20.04 LTS,clang 10.0.0-4ubuntu1
2020-05-15 23:08:10.689368,0.094047,0.055292,7e152faa0d95fdc900975e92362ca2d96dabe058,23b7a6518d01e052842da55645e0769ca81cee2e,3.8.2,Intel Core i7-2600K (64-bit),Ubuntu 20.04 LTS,clang 10.0.0-4ubuntu1
2020-05-15 23:08:18.505456,0.094115,0.094565,ac6fc49f7de86f04b4e15453fcc580fd479a074d,23b7a6518d01e052842da55645e0769ca81cee2e,3.8.2,Intel Core i7-2600K (64-bit),Ubuntu 20.04 LTS,clang 10.0.0-4ubuntu1
2020-05-15 23:08:26.305469,0.094059,0.053158,4f06ac9962d70b02c21c8692a5d3bf80ae1e1ab7,23b7a6518d01e052842da55645e0769ca81cee2e,3.8.2,Intel Core i7-2600K (64-bit),Ubuntu 20.04 LTS,clang 10.0.0-4ubuntu1
2020-05-15 23:08:34.073433,0.094070,0.037206,cdf943ac8e432105ef42b885c444a3fb9a4d6864,23b7a6518d01e052842da55645e0769ca81cee2e,3.8.2,Intel Core i7-2600K (64-bit),Ubuntu 20.04 LTS,clang 10.0.0-4ubuntu1
2020-05-15 23:08:41.965423,0.094048,0.058481,e91bc22abb2e7fc4e8e5233ada33ce2348535ae2,23b7a6518d01e052842da55645e0769ca81cee2e,3.8.2,Intel Core i7-2600K (64-bit),Ubuntu 20.04 LTS,clang 10.0.0-4ubuntu1
2020-05-15 23:08:49.765339,0.094069,0.034018,0bbed9d99b3c4e65cf9b91b8f02ed252ba495cdf,23b7a6518d01e052842da55645e0769ca81cee2e,3.8.2,Intel Core i7-2600K (64-bit),Ubuntu 20.04 LTS,clang 10.0.0-4ubuntu1
2020-05-15 23:08:57.549463,0.094046,0.056355,a8f06c8651a4dd9b97f4989df70791b57a14e7f6,23b7a6518d01e052842da55645e0769ca81cee2e,3.8.2,Intel Core i7-2600K (64-bit),Ubuntu 20.04 LTS,clang 10.0.0-4ubuntu1
2020-05-15 23:09:05.329437,0.094073,0.063780,39e96f50e4f1de8ce1ef379a83b1d9efb40e9b01,23b7a6518d01e052842da55645e0769ca81cee2e,3.8.2,Intel Core i7-2600K (64-bit),Ubuntu 20.04 LTS,clang 10.0.0-4ubuntu1
2020-05-15 23:09:13.141418,0.094077,0.053148,83012da090b1b1b8f082663778acb44b2cd7ecb0,23b7a6518d01e052842da55645e0769ca81cee2e,3.8.2,Intel Core i7-2600K (64-bit),Ubuntu 20.04 LTS,clang 10.0.0-4ubuntu1
2020-05-15 23:09:20.941378,0.094078,0.049959,d56d90087ea98fed32b908f466f950d3fad952af,23b7a6518d01e052842da55645e0769ca81cee2e,3.8.2,Intel Core i7-2600K (64-bit),Ubuntu 20.04 LTS,clang 10.0.0-4ubuntu1
2020-05-15 23:09:28.877313,0.094064,0.048903,e9b7db7badaeec1b31dc650700bd743cca295dc0,23b7a6518d01e052842da55645e0769ca81cee2e,3.8.2,Intel Core i7-2600K (64-bit),Ubuntu 20.04 LTS,clang 10.0.0-4ubuntu1
2020-05-15 23:09:36.797430,0.096335,0.066435,8571f7ddc36068a12b217ca78be6eb1f797f9b1a,23b7a6518d01e052842da55645e0769ca81cee2e,3.8.2,Intel Core i7-2600K (64-bit),Ubuntu 20.04 LTS,clang 10.0.0-4ubuntu1
2020-05-15 23:09:44.617280,0.096323,0.077863,300c846a244a99e0c9cd9ade6b0400c4142a0f77,23b7a6518d01e052842da55645e0769ca81cee2e,3.8.2,Intel Core i7-2600K (64-bit),Ubuntu 20.04 LTS,clang 10.0.0-4ubuntu1
2020-05-15 23:09:52.305532,0.096330,0.101734,c1cd529181ef4086b03ea14fb22163aeb5b005a4,23b7a6518d01e052842da55645e0769ca81cee2e,3.8.2,Intel Core i7-2600K (64-bit),Ubuntu 20.04 LTS,clang 10.0.0-4ubuntu1
2020-05-15 23:10:00.197467,0.096355,0.025946,da8880e3a309e982acec7a1677203442dafd864e,23b7a6518d01e052842da55645e0769ca81cee2e,3.8.2,Intel Core i7-2600K (64-bit),Ubuntu 20.04 LTS,clang 10.0.0-4ubuntu1
2020-05-15 23:10:07.945567,0.093065,0.079514,c957ac8d6b448dccd88889fa833aab3ae7be8a5e,23b7a6518d01e052842da55645e0769ca81cee2e,3.8.2,Intel Core i7-2600K (64-bit),Ubuntu 20.04 LTS,clang 10.0.0-4ubuntu1
2020-05-15 23:10:15.761560,0.093069,0.062319,bc3e9d44aa8f61858ff48b667e38cc5c4f9a317a,23b7a6518d01e052842da55645e0769ca81cee2e,3.8.2,Intel Core i7-2600K (64-bit),Ubuntu 20.04 LTS,clang 10.0.0-4ubuntu1
2020-05-15 23:10:23.653556,0.093102,0.023630,7e65f1e4ed1cb9489bc3fc1fa12fd7659a02e8e6,23b7a6518d01e052842da55645e0769ca81cee2e,3.8.2,Intel Core i7-2600K (64-bit),Ubuntu 20.04 LTS,clang 10.0.0-4ubuntu1
2020-05-15 23:10:31.517553,0.093105,0.024703,821630cf2f396494f3531c2a2c24b010ad3721ef,23b7a6518d01e052842da55645e0769ca81cee2e,3.8.2,Intel Core i7-2600K (64-bit),Ubuntu 20.04 LTS,clang 10.0.0-4ubuntu1
2020-05-15 23:10:39.365250,0.093085,0.039749,27715eefe8e740d8100bde65cf68ac2b7835d805,23b7a6518d01e052842da55645e0769ca81cee2e,3.8.2,Intel Core i7-2600K (64-bit),Ubuntu 20.04 LTS,clang 10.0.0-4ubuntu1
2020-05-15 23:10:47.181403,0.093063,0.062323,526a2187bbd2da35862899e7529394a74a6f6ced,23b7a6518d01e052842da55645e0769ca81cee2e,3.8.2,Intel Core i7-2600K (64-bit),Ubuntu 20.04 LTS,clang 10.0.0-4ubuntu1
2020-05-15 23:10:54.977420,0.093096,0.029002,a2a51479d91930354ead758903f5472569ddcf17,23b7a6518d01e052842da55645e0769ca81cee2e,3.8.2,Intel Core i7-2600K (64-bit),Ubuntu 20.04 LTS,clang 10.0.0-4ubuntu1
2020-05-15 23:11:02.841386,0.093065,0.060173,37a2b9a6f2fd7943955cdb37ae6f72445aacfe06,23b7a6518d01e052842da55645e0769ca81cee2e,3.8.2,Intel Core i7-2600K (64-bit),Ubuntu 20.04 LTS,clang 10.0.0-4ubuntu1
2020-05-15 23:11:10.765448,0.093095,0.029003,0d056ada0e216c77737e1abe6eeb20ea1d80296b,23b7a6518d01e052842da55645e0769ca81cee2e,3.8.2,Intel Core i7-2600K (64-bit),Ubuntu 20.04 LTS,clang 10.0.0-4ubuntu1
2020-05-15 23:11:18.649427,0.093065,0.079514,23a719fe57a269e776c15557c3e6f0a3af96ab3a,23b7a6518d01e052842da55645e0769ca81cee2e,3.8.2,Intel Core i7-2600K (64-bit),Ubuntu 20.04 LTS,clang 10.0.0-4ubuntu1
2020-05-15 23:11:26.541380,0.093097,0.032224,4c77d16b3a7befcc62a75e2a921c92e9b2328e62,23b7a6518d01e052842da55645e0769ca81cee2e,3.8.2,Intel Core i7-2600K (64-bit),Ubuntu 20.04 LTS,clang 10.0.0-4ubuntu1
2020-05-15 23:11:34.357538,0.093093,0.033300,05b92c0fa4efa640b79598a220df7714a441af8d,23b7a6518d01e052842da55645e0769ca81cee2e,3.8.2,Intel Core i7-2600K (64-bit),Ubuntu 20.04 LTS,clang 10.0.0-4ubuntu1
2020-05-15 23:11:42.185413,0.092907,0.555394,e97377c454a1d5c019e9c56871d5f229db6b47b2,23b7a6518d01e052842da55645e0769ca81cee2e,3.8.2,Intel Core i7-2600K (64-bit),Ubuntu 20.04 LTS,clang 10.0.0-4ubuntu1
2020-05-15 23:11:50.161404,0.093089,0.065529,a37ab53278b7f3583a2f702aeab42270f7574441,23b7a6518d01e052842da55645e0769ca81cee2e,3.8.2,Intel Core i7-2600K (64-bit),Ubuntu 20.04 LTS,clang 10.0.0-4ubuntu1
2020-05-15 23:11:58.233422,0.093077,0.073058,c24edc34808ea31bb43ea0d30a492d81497b8153,23b7a6518d01e052842da55645e0769ca81cee2e,3.8.2,Intel Core i7-2600K (64-bit),Ubuntu 20.04 LTS,clang 10.0.0-4ubuntu1
2020-05-15 23:12:05.985486,0.093084,0.034378,64c6c5c1d6e9288ea061720a8dcee58a526770ad,23b7a6518d01e052842da55645e0769ca81cee2e,3.8.2,Intel Core i7-2600K (64-bit),Ubuntu 20.04 LTS,clang 10.0.0-4ubuntu1
2020-05-15 23:12:13.737456,0.093091,0.024707,a5ac374fd9db4a2904b1b242cb0a4a2c0c4bfd44,23b7a6518d01e052842da55645e0769ca81cee2e,3.8.2,Intel Core i7-2600K (64-bit),Ubuntu 20.04 LTS,clang 10.0.0-4ubuntu1
2020-05-15 23:12:21.485368,0.093071,0.049425,9453f5fb22cbfe5e033f0563db16cfefa46f36dc,23b7a6518d01e052842da55645e0769ca81cee2e,3.8.2,Intel Core i7-2600K (64-bit),Ubuntu 20.04 LTS,clang 10.0.0-4ubuntu1
2020-05-15 23:12:29.245450,0.093107,0.078404,5c25cec55976045be089d567aa0d4619ef7a2e7c,23b7a6518d01e052842da55645e0769ca81cee2e,3.8.2,Intel Core i7-2600K (64-bit),Ubuntu 20.04 LTS,clang 10.0.0-4ubuntu1
2020-05-15 23:12:37.045416,0.093133,0.036507,c6c99b9ef8c6d962bc72c3b25dfae3fee01ddeea,23b7a6518d01e052842da55645e0769ca81cee2e,3.8.2,Intel Core i7-2600K (64-bit),Ubuntu 20.04 LTS,clang 10.0.0-4ubuntu1
2020-05-15 23:12:43.265358,0.093115,0.036514,8d562e2505136799ce413735dd3f35661f1c83f9,23b7a6518d01e052842da55645e0769ca81cee2e,3.8.2,Intel Core i7-2600K (64-bit),Ubuntu 20.04 LTS,clang 10.0.0-4ubuntu1
2020-05-15 23:12:49.477392,0.093034,0.365458,24b7dba787ee9d985602622ef38d02086f2ab939,23b7a6518d01e052842da55645e0769ca81cee2e,3.8.2,Intel Core i7-2600K (64-bit),Ubuntu 20.04 LTS,clang 10.0.0-4ubuntu1
2020-05-15 23:12:55.925532,0.093103,0.075186,e5f19dd867fd70f16bf277a48c929e1582a0dfc9,23b7a6518d01e052842da55645e0769ca81cee2e,3.8.2,Intel Core i7-2600K (64-bit),Ubuntu 20.04 LTS,clang 10.0.0-4ubuntu1
2020-05-15 23:13:02.173394,0.092860,0.624596,9ab48d74cf58f472da744d873eea8238c11ab962,23b7a6518d01e052842da55645e0769ca81cee2e,3.8.2,Intel Core i7-2600K (64-bit),Ubuntu 20.04 LTS,clang 10.0.0-4ubuntu1
2020-05-15 23:13:08.381373,0.092881,0.036606,3fc382321e4531450e91c55fddb6d4ed54611d5e,23b7a6518d01e052842da55645e0769ca81cee2e,3.8.2,Intel Core i7-2600K (64-bit),Ubuntu 20.04 LTS,clang 10.0.0-4ubuntu1
2020-05-15 23:13:16.149561,0.092918,0.018296,6dabd8d67afc4f76bd3eb3f102a55662234c9e3a,23b7a6518d01e052842da55645e0769ca81cee2e,3.8.2,Intel Core i7-2600K (64-bit),Ubuntu 20.04 LTS,clang 10.0.0-4ubuntu1
2020-05-15 23:13:22.301500,0.092904,0.011840,8d44536029fa0616c0957f8106fc4970beab0a57,23b7a6518d01e052842da55645e0769ca81cee2e,3.8.2,Intel Core i7-2600K (64-bit),Ubuntu 20.04 LTS,clang 10.0.0-4ubuntu1
2020-05-15 23:13:28.481437,0.092882,0.049525,38e0f5d0a075736f230909c65ee1bd8bdba9951b,23b7a6518d01e052842da55645e0769ca81cee2e,3.8.2,Intel Core i7-2600K (64-bit),Ubuntu 20.04 LTS,clang 10.0.0-4ubuntu1
2020-05-15 23:13:34.677682,0.092868,0.027997,4b5f33de0c91c17f18b47eec888f206855719d29,23b7a6518d01e052842da55645e0769ca81cee2e,3.8.2,Intel Core i7-2600K (64-bit),Ubuntu 20.04 LTS,clang 10.0.0-4ubuntu1
2020-05-15 23:13:40.845452,0.092898,0.015070,f6ce23f5a9b6428a04d960201f10bbff4907d758,23b7a6518d01e052842da55645e0769ca81cee2e,3.8.2,Intel Core i7-2600K (64-bit),Ubuntu 20.04 LTS,clang 10.0.0-4ubuntu1
2020-05-15 23:13:48.525556,0.092869,0.031227,91be66f345ec13e8938501e4e86c6f6c961ade79,23b7a6518d01e052842da55645e0769ca81cee2e,3.8.2,Intel Core i7-2600K (64-bit),Ubuntu 20.04 LTS,clang 10.0.0-4ubuntu1
2020-05-15 23:13:54.665552,0.092906,0.031214,d204824768bd5c12d91b1770b951cec37eb55b9e,23b7a6518d01e052842da55645e0769ca81cee2e,3.8.2,Intel Core i7-2600K (64-bit),Ubuntu 20.04 LTS,clang 10.0.0-4ubuntu1
2020-05-15 23:14:00.905457,0.092866,0.033381,fdcbb74b2e01f6afd0549da6375a66aab839fd9a,23b7a6518d01e052842da55645e0769ca81cee2e,3.8.2,Intel Core i7-2600K (64-bit),Ubuntu 20.04 LTS,clang 10.0.0-4ubuntu1
2020-05-15 23:14:07.129428,0.092884,0.033375,10428ed3ab839da91d4ac171f49e5a1091ee223f,23b7a6518d01e052842da55645e0769ca81cee2e,3.8.2,Intel Core i7-2600K (64-bit),Ubuntu 20.04 LTS,clang 10.0.0-4ubuntu1
2020-05-15 23:14:13.305324,0.092876,0.033378,deaa5c74cdd61868234905fa2b39bd89bfce3ceb,23b7a6518d01e052842da55645e0769ca81cee2e,3.8.2,Intel Core i7-2600K (64-bit),Ubuntu 20.04 LTS,clang 10.0.0-4ubuntu1
2020-05-15 23:14:19.429490,0.093376,0.016064,bd94dff33e8b96652e36b6113468340d6abd4fd6,23b7a6518d01e052842da55645e0769ca81cee2e,3.8.2,Intel Core i7-2600K (64-bit),Ubuntu 20.04 LTS,clang 10.0.0-4ubuntu1
2020-05-15 23:14:27.493372,0.093378,0.026773,0ba1d99e3a0a483acfa520238f5febaf652f98b4,23b7a6518d01e052842da55645e0769ca81cee2e,3.8.2,Intel Core i7-2600K (64-bit),Ubuntu 20.04 LTS,clang 10.0.0-4ubuntu1
2020-05-15 23:14:33.625373,0.093403,0.020342,7d05c06fbf86d1716b3eab47d58706834635a226,23b7a6518d01e052842da55645e0769ca81cee2e,3.8.2,Intel Core i7-2600K (64-bit),Ubuntu 20.04 LTS,clang 10.0.0-4ubuntu1
2020-05-15 23:14:39.749448,0.093372,0.020349,8990ebdb884ed2d5b5dcb1dac5d8a8407358ef21,23b7a6518d01e052842da55645e0769ca81cee2e,3.8.2,Intel Core i7-2600K (64-bit),Ubuntu 20.04 LTS,clang 10.0.0-4ubuntu1
2020-05-15 23:14:47.701485,0.093373,0.025703,5c641282ce3c7e024fe4d32a3b60a91a144620a6,23b7a6518d01e052842da55645e0769ca81cee2e,3.8.2,Intel Core i7-2600K (64-bit),Ubuntu 20.04 LTS,clang 10.0.0-4ubuntu1
2020-05-15 23:14:53.893536,0.093383,0.026771,a3d48cd57d3b31b320430c02356ef651e94ba144,23b7a6518d01e052842da55645e0769ca81cee2e,3.8.2,Intel Core i7-2600K (64-bit),Ubuntu 20.04 LTS,clang 10.0.0-4ubuntu1
2020-05-15 23:15:00.177523,0.093112,0.032219,9614518856674c98e513828dab790d094a660587,23b7a6518d01e052842da55645e0769ca81cee2e,3.8.2,Intel Core i7-2600K (64-bit),Ubuntu 20.04 LTS,clang 10.0.0-4ubuntu1
2020-05-15 23:15:08.221507,0.093000,0.011828,b36d1c978e46e20d432df38637840e521835ea3d,23b7a6518d01e052842da55645e0769ca81cee2e,3.8.2,Intel Core i7-2600K (64-bit),Ubuntu 20.04 LTS,clang 10.0.0-4ubuntu1
2020-05-15 23:15:16.269396,0.092989,0.030111,fb556ae58a60148042cd55259d4748bcf29345c3,23b7a6518d01e052842da55645e0769ca81cee2e,3.8.2,Intel Core i7-2600K (64-bit),Ubuntu 20.04 LTS,clang 10.0.0-4ubuntu1
2020-05-15 23:15:22.385493,0.092954,0.051638,ad90d62594315f818c0db6ce5d6e877a88d91364,23b7a6518d01e052842da55645e0769ca81cee2e,3.8.2,Intel Core i7-2600K (64-bit),Ubuntu 20.04 LTS,clang 10.0.0-4ubuntu1
2020-05-15 23:15:30.453519,0.092993,0.023658,8f381b8fa6c734a55f5fa524a7f55a6fe77489fe,23b7a6518d01e052842da55645e0769ca81cee2e,3.8.2,Intel Core i7-2600K (64-bit),Ubuntu 20.04 LTS,clang 10.0.0-4ubuntu1
2020-05-15 23:15:36.589402,0.093003,0.020429,38f199d25db96bf9e4424a62410e06736115073a,23b7a6518d01e052842da55645e0769ca81cee2e,3.8.2,Intel Core i7-2600K (64-bit),Ubuntu 20.04 LTS,clang 10.0.0-4ubuntu1
2020-05-15 23:15:44.525603,0.092988,0.023659,643a58b7ed27f285cfee2462c562e167fb5ab506,23b7a6518d01e052842da55645e0769ca81cee2e,3.8.2,Intel Core i7-2600K (64-bit),Ubuntu 20.04 LTS,clang 10.0.0-4ubuntu1
2020-05-15 23:15:52.477373,0.092885,0.438176,cc7667a2008ef4cdcf89b06ab4e171bf478b0734,23b7a6518d01e052842da55645e0769ca81cee2e,3.8.2,Intel Core i7-2600K (64-bit),Ubuntu 20.04 LTS,clang 10.0.0-4ubuntu1
2020-05-15 23:16:00.457478,0.092996,0.020431,bd0271b918e2c47ae48f28995ed178bd0f1f70df,23b7a6518d01e052842da55645e0769ca81cee2e,3.8.2,Intel Core i7-2600K (64-bit),Ubuntu 20.04 LTS,clang 10.0.0-4ubuntu1
2020-05-15 23:16:06.625393,0.092902,0.320768,df6284201d1a9803831728d76a9763e7b6fb79c4,23b7a6518d01e052842da55645e0769ca81cee2e,3.8.2,Intel Core i7-2600K (64-bit),Ubuntu 20.04 LTS,clang 10.0.0-4ubuntu1
2020-05-15 23:16:12.805489,0.093009,0.024729,5b3346f418bc86afee46e888ccf2dc08949dc26b,23b7a6518d01e052842da55645e0769ca81cee2e,3.8.2,Intel Core i7-2600K (64-bit),Ubuntu 20.04 LTS,clang 10.0.0-4ubuntu1
2020-05-15 23:16:18.909458,0.093005,0.023655,00530dbc09e8b9a19bf1279e9ec7a6a0cd40cc76,23b7a6518d01e052842da55645e0769ca81cee2e,3.8.2,Intel Core i7-2600K (64-bit),Ubuntu 20.04 LTS,clang 10.0.0-4ubuntu1
2020-05-15 23:16:25.057224,0.092983,0.025811,475148f2b08dbe0126fc3e22c277132b65e47007,23b7a6518d01e052842da55645e0769ca81cee2e,3.8.2,Intel Core i7-2600K (64-bit),Ubuntu 20.04 LTS,clang 10.0.0-4ubuntu1
2020-05-15 23:16:31.221367,0.092995,0.016130,1ef02bb1fb37b7fb1d5e8e988f0c6b9a8400039a,23b7a6518d01e052842da55645e0769ca81cee2e,3.8.2,Intel Core i7-2600K (64-bit),Ubuntu 20.04 LTS,clang 10.0.0-4ubuntu1
2020-05-15 23:16:37.345336,0.092890,0.430617,88e2b67c4c2e8590dbee4aec272b3727b9566f0b,23b7a6518d01e052842da55645e0769ca81cee2e,3.8.2,Intel Core i7-2600K (64-bit),Ubuntu 20.04 LTS,clang 10.0.0-4ubuntu1
2020-05-15 23:16:45.329354,0.092431,0.064913,bcbd17251b1f8200e26280c40aa7db339d5a9b20,23b7a6518d01e052842da55645e0769ca81cee2e,3.8.2,Intel Core i7-2600K (64-bit),Ubuntu 20.04 LTS,clang 10.0.0-4ubuntu1
2020-05-15 23:16:53.169519,0.092511,0.057290,d4151a8397bfba840da4feca1bfea070864f317a,23b7a6518d01e052842da55645e0769ca81cee2e,3.8.2,Intel Core i7-2600K (64-bit),Ubuntu 20.04 LTS,clang 10.0.0-4ubuntu1
2020-05-15 23:16:59.245524,0.092458,0.064894,e2238c29a7e50ef5d54c1989fd7bc019cf661303,23b7a6518d01e052842da55645e0769ca81cee2e,3.8.2,Intel Core i7-2600K (64-bit),Ubuntu 20.04 LTS,clang 10.0.0-4ubuntu1
2020-05-15 23:17:05.421571,0.092439,0.053008,162df3607cceeef6ed66b1c0cb6c264473790a37,23b7a6518d01e052842da55645e0769ca81cee2e,3.8.2,Intel Core i7-2600K (64-bit),Ubuntu 20.04 LTS,clang 10.0.0-4ubuntu1
2020-05-15 23:17:11.445469,0.092451,0.034613,cd525d2905f5e9de92fa72d94bf096fa9bf333ab,23b7a6518d01e052842da55645e0769ca81cee2e,3.8.2,Intel Core i7-2600K (64-bit),Ubuntu 20.04 LTS,clang 10.0.0-4ubuntu1
2020-05-15 23:17:17.609595,0.092533,0.098343,5cd1dabf0c0eef3acee31acbb57b51fa3d7b6b9d,23b7a6518d01e052842da55645e0769ca81cee2e,3.8.2,Intel Core i7-2600K (64-bit),Ubuntu 20.04 LTS,clang 10.0.0-4ubuntu1
2020-05-15 23:17:23.581506,0.092510,0.095125,1fed96daa48891fa72db513f853a8a114e06f4f6,23b7a6518d01e052842da55645e0769ca81cee2e,3.8.2,Intel Core i7-2600K (64-bit),Ubuntu 20.04 LTS,clang 10.0.0-4ubuntu1
2020-05-30 10:48:33.451975,0.091445,0.020778,05571b17a29ef83708ffaa02756e32e60621f69f,1c1d73170d31e185165427abad603c0e84491bf9,3.8.2,Intel Core i7-2600K (64-bit),Ubuntu 20.04 LTS,clang 10.0.0-4ubuntu1
2020-05-30 11:01:17.384564,0.091453,0.019682,07c9f6fac1091ea566ad51284eea3739cdbd13ba,1c1d73170d31e185165427abad603c0e84491bf9,3.8.2,Intel Core i7-2600K (64-bit),Ubuntu 20.04 LTS,clang 10.0.0-4ubuntu1
2020-05-30 11:14:03.676283,0.091443,0.026246,10195b8d3e1fa7a94f9a9c28b9cd10770f1c449a,1c1d73170d31e185165427abad603c0e84491bf9,3.8.2,Intel Core i7-2600K (64-bit),Ubuntu 20.04 LTS,clang 10.0.0-4ubuntu1
2020-05-30 11:26:48.304556,0.091430,0.032812,1d7a6ae9fa313a93293a48585dcfc4e9dc482467,1c1d73170d31e185165427abad603c0e84491bf9,3.8.2,Intel Core i7-2600K (64-bit),Ubuntu 20.04 LTS,clang 10.0.0-4ubuntu1
2020-05-30 11:39:30.640378,0.091441,0.018591,1f096e6eab03757d4415ff832a9fa4a7cf0cdcd4,1c1d73170d31e185165427abad603c0e84491bf9,3.8.2,Intel Core i7-2600K (64-bit),Ubuntu 20.04 LTS,clang 10.0.0-4ubuntu1
2020-05-30 11:52:14.208501,0.091440,0.016404,273a86557e6e76acd52e6588230aa8e4ac5de532,1c1d73170d31e185165427abad603c0e84491bf9,3.8.2,Intel Core i7-2600K (64-bit),Ubuntu 20.04 LTS,clang 10.0.0-4ubuntu1
2020-05-30 12:04:59.516497,0.091438,0.013124,41927cf6dbbc87728eab632486372971c45999cb,1c1d73170d31e185165427abad603c0e84491bf9,3.8.2,Intel Core i7-2600K (64-bit),Ubuntu 20.04 LTS,clang 10.0.0-4ubuntu1
2020-05-30 12:17:44.580186,0.091451,0.015309,42d50778078e54331a38201cf6ad8c3e6e9b3c87,1c1d73170d31e185165427abad603c0e84491bf9,3.8.2,Intel Core i7-2600K (64-bit),Ubuntu 20.04 LTS,clang 10.0.0-4ubuntu1
2020-05-30 12:30:28.420339,0.091440,0.014217,43c3c5c987aa999f134d1ec3c9edeadb3cb95c6a,1c1d73170d31e185165427abad603c0e84491bf9,3.8.2,Intel Core i7-2600K (64-bit),Ubuntu 20.04 LTS,clang 10.0.0-4ubuntu1
2020-05-30 12:43:12.680566,0.091455,0.014215,4dce036e958dd9f982b8c02418f7fc174d3aa315,1c1d73170d31e185165427abad603c0e84491bf9,3.8.2,Intel Core i7-2600K (64-bit),Ubuntu 20.04 LTS,clang 10.0.0-4ubuntu1
2020-05-30 12:55:57.784073,0.091456,0.013121,5bf0fc486f8da639558472270131557ef7f0619f,1c1d73170d31e185165427abad603c0e84491bf9,3.8.2,Intel Core i7-2600K (64-bit),Ubuntu 20.04 LTS,clang 10.0.0-4ubuntu1
2020-05-30 13:08:42.824159,0.091442,0.014217,5cfb0561e624b79365ac5333cbde7ff500249740,1c1d73170d31e185165427abad603c0e84491bf9,3.8.2,Intel Core i7-2600K (64-bit),Ubuntu 20.04 LTS,clang 10.0.0-4ubuntu1
2020-05-30 13:21:25.300369,0.091456,0.008747,65e3a89890518aa2ce7bf2e37579c927267c3851,1c1d73170d31e185165427abad603c0e84491bf9,3.8.2,Intel Core i7-2600K (64-bit),Ubuntu 20.04 LTS,clang 10.0.0-4ubuntu1
2020-05-30 13:34:08.488278,0.091441,0.022966,6e1aea6c7609a40fcf7f273bc9382b29fcfa6396,1c1d73170d31e185165427abad603c0e84491bf9,3.8.2,Intel Core i7-2600K (64-bit),Ubuntu 20.04 LTS,clang 10.0.0-4ubuntu1
2020-05-30 13:46:50.492133,0.091451,0.025150,85897bd16427a1599e92ee639588795951cac8a0,1c1d73170d31e185165427abad603c0e84491bf9,3.8.2,Intel Core i7-2600K (64-bit),Ubuntu 20.04 LTS,clang 10.0.0-4ubuntu1
2020-05-30 13:59:31.280397,0.091448,0.021870,8748e69cccb8606fcfc03d336382b2836b7b29fe,1c1d73170d31e185165427abad603c0e84491bf9,3.8.2,Intel Core i7-2600K (64-bit),Ubuntu 20.04 LTS,clang 10.0.0-4ubuntu1
2020-05-30 14:12:15.084184,0.091461,0.008747,8f6a1cc8b713e864c219cd898cee1a8411562496,1c1d73170d31e185165427abad603c0e84491bf9,3.8.2,Intel Core i7-2600K (64-bit),Ubuntu 20.04 LTS,clang 10.0.0-4ubuntu1
2020-05-30 14:24:55.556224,0.091442,0.047024,aa97427dad5b8e61c23f59ee500e86d34d326a33,1c1d73170d31e185165427abad603c0e84491bf9,3.8.2,Intel Core i7-2600K (64-bit),Ubuntu 20.04 LTS,clang 10.0.0-4ubuntu1
2020-05-30 14:37:35.932420,0.091458,0.029522,aaf9828c60c3342708ab9613ace1dd5f353028a9,1c1d73170d31e185165427abad603c0e84491bf9,3.8.2,Intel Core i7-2600K (64-bit),Ubuntu 20.04 LTS,clang 10.0.0-4ubuntu1
2020-05-30 14:50:19.616344,0.091467,0.015306,b2fc30fbc8c8db3844681c37ade649f09d288b94,1c1d73170d31e185165427abad603c0e84491bf9,3.8.2,Intel Core i7-2600K (64-bit),Ubuntu 20.04 LTS,clang 10.0.0-4ubuntu1
2020-05-30 15:03:03.820275,0.091428,0.038281,b3d4398403be29b1828e0a7a149af8958753fde2,1c1d73170d31e185165427abad603c0e84491bf9,3.8.2,Intel Core i7-2600K (64-bit),Ubuntu 20.04 LTS,clang 10.0.0-4ubuntu1
2020-05-30 15:15:48.156268,0.091455,0.016402,c48624a6db632295748b28c007be46aaddd8a6ce,1c1d73170d31e185165427abad603c0e84491bf9,3.8.2,Intel Core i7-2600K (64-bit),Ubuntu 20.04 LTS,clang 10.0.0-4ubuntu1
2020-05-30 15:28:30.224116,0.091451,0.014215,c90b405934cbf2142b8a575ddd89dbedf762106c,1c1d73170d31e185165427abad603c0e84491bf9,3.8.2,Intel Core i7-2600K (64-bit),Ubuntu 20.04 LTS,clang 10.0.0-4ubuntu1
2020-05-30 15:41:10.324424,0.091448,0.018590,d01799c2b825e0da07e406e354954689c805d330,1c1d73170d31e185165427abad603c0e84491bf9,3.8.2,Intel Core i7-2600K (64-bit),Ubuntu 20.04 LTS,clang 10.0.0-4ubuntu1
2020-05-30 15:53:53.852508,0.091445,0.020778,d1048867ce27f607a7f48edf33a1888789b187e7,1c1d73170d31e185165427abad603c0e84491bf9,3.8.2,Intel Core i7-2600K (64-bit),Ubuntu 20.04 LTS,clang 10.0.0-4ubuntu1
2020-05-30 16:06:37.640568,0.091456,0.016401,dae2ae8d717ac1c5718bcd2405c87ab4541cb512,1c1d73170d31e185165427abad603c0e84491bf9,3.8.2,Intel Core i7-2600K (64-bit),Ubuntu 20.04 LTS,clang 10.0.0-4ubuntu1
2020-05-30 16:19:23.100425,0.091446,0.024058,e80585a56fa7a8211c7d7524511d6d5c79097361,1c1d73170d31e185165427abad603c0e84491bf9,3.8.2,Intel Core i7-2600K (64-bit),Ubuntu 20.04 LTS,clang 10.0.0-4ubuntu1
2020-05-30 16:32:08.324398,0.091456,0.015308,f94fc7e251330f7e3668aea1f062cdbae1ed7232,1c1d73170d31e185165427abad603c0e84491bf9,3.8.2,Intel Core i7-2600K (64-bit),Ubuntu 20.04 LTS,clang 10.0.0-4ubuntu1
2020-06-14 11:37:00.711576,0.090651,0.031991,068594eb38fc550d834b7e61745177c423f2b224,fb52581e0775b226ac2bb03935ab548343908117,3.8.2,Intel Core i7-2600K (64-bit),Ubuntu 20.04 LTS,clang 10.0.0-4ubuntu1
2020-06-14 11:49:57.503412,0.090661,0.018751,109e15dbdfe6d82c6b5f8dac209c19eaf0dd4ee6,fb52581e0775b226ac2bb03935ab548343908117,3.8.2,Intel Core i7-2600K (64-bit),Ubuntu 20.04 LTS,clang 10.0.0-4ubuntu1
2020-06-14 12:02:53.847503,0.090647,0.019857,1ae08558ca003d2bf06cf936fe45034cbd0bf323,fb52581e0775b226ac2bb03935ab548343908117,3.8.2,Intel Core i7-2600K (64-bit),Ubuntu 20.04 LTS,clang 10.0.0-4ubuntu1
2020-06-14 12:15:50.067645,0.090651,0.020960,348a9d4774b229b96c30a27ed2ca93992da5bd4f,fb52581e0775b226ac2bb03935ab548343908117,3.8.2,Intel Core i7-2600K (64-bit),Ubuntu 20.04 LTS,clang 10.0.0-4ubuntu1
2020-06-14 12:28:46.231789,0.090654,0.019856,3adb2e952cf9e16d4d493440a1c7be3de4d214ef,fb52581e0775b226ac2bb03935ab548343908117,3.8.2,Intel Core i7-2600K (64-bit),Ubuntu 20.04 LTS,clang 10.0.0-4ubuntu1
2020-06-14 12:41:42.847443,0.090647,0.017651,3b2e114274735a78031d01f3f812451213e11682,fb52581e0775b226ac2bb03935ab548343908117,3.8.2,Intel Core i7-2600K (64-bit),Ubuntu 20.04 LTS,clang 10.0.0-4ubuntu1
2020-06-14 12:54:38.839816,0.090647,0.022064,48b70bb2596899e26ad16275e3bf1a3aa882ee1f,fb52581e0775b226ac2bb03935ab548343908117,3.8.2,Intel Core i7-2600K (64-bit),Ubuntu 20.04 LTS,clang 10.0.0-4ubuntu1
2020-06-14 13:07:35.283667,0.090652,0.019856,63f2fed5d0e10d4d875442e9bba2283c81dfdf4b,fb52581e0775b226ac2bb03935ab548343908117,3.8.2,Intel Core i7-2600K (64-bit),Ubuntu 20.04 LTS,clang 10.0.0-4ubuntu1
2020-06-14 13:20:32.039520,0.090663,0.019854,793cf187f0e529f9d6623a512ae0149124ded542,fb52581e0775b226ac2bb03935ab548343908117,3.8.2,Intel Core i7-2600K (64-bit),Ubuntu 20.04 LTS,clang 10.0.0-4ubuntu1
2020-06-14 13:33:28.555660,0.090657,0.020958,8457e50ddbde8dea0aa481cb410cac80fb657912,fb52581e0775b226ac2bb03935ab548343908117,3.8.2,Intel Core i7-2600K (64-bit),Ubuntu 20.04 LTS,clang 10.0.0-4ubuntu1
2020-06-14 13:47:18.183757,0.090636,0.016550,84bcb252f85d3fa6f5a122df1b30f4877b4fa71c,fb52581e0775b226ac2bb03935ab548343908117,3.8.2,Intel Core i7-2600K (64-bit),Ubuntu 20.04 LTS,clang 10.0.0-4ubuntu1
2020-06-14 14:00:22.547544,0.090654,0.034196,8cc06b70829c885a6f9f2a9f989994c51693f23c,fb52581e0775b226ac2bb03935ab548343908117,3.8.2,Intel Core i7-2600K (64-bit),Ubuntu 20.04 LTS,clang 10.0.0-4ubuntu1
2020-06-14 14:13:18.863502,0.090648,0.023167,a67b4afecb2daf7b19e3839541069f406186e98a,fb52581e0775b226ac2bb03935ab548343908117,3.8.2,Intel Core i7-2600K (64-bit),Ubuntu 20.04 LTS,clang 10.0.0-4ubuntu1
2020-06-14 14:26:15.167661,0.090641,0.020962,c1f1f9566feefa2ade91b880f731d0b0cf76ff09,fb52581e0775b226ac2bb03935ab548343908117,3.8.2,Intel Core i7-2600K (64-bit),Ubuntu 20.04 LTS,clang 10.0.0-4ubuntu1
2020-06-14 14:39:11.367837,0.090639,0.013239,c796a56a73ca04c281e2c6a8c2274fccc07ce966,fb52581e0775b226ac2bb03935ab548343908117,3.8.2,Intel Core i7-2600K (64-bit),Ubuntu 20.04 LTS,clang 10.0.0-4ubuntu1
2020-06-14 14:52:07.879682,0.090661,0.020957,d49e245d902dbd5758e78787f4708f03085b941d,fb52581e0775b226ac2bb03935ab548343908117,3.8.2,Intel Core i7-2600K (64-bit),Ubuntu 20.04 LTS,clang 10.0.0-4ubuntu1
2020-06-14 15:05:03.671521,0.090650,0.031991,d98ba8e3e58cec46de23b40475a1e7874d52b9a5,fb52581e0775b226ac2bb03935ab548343908117,3.8.2,Intel Core i7-2600K (64-bit),Ubuntu 20.04 LTS,clang 10.0.0-4ubuntu1
2020-06-14 15:17:59.971688,0.090640,0.022065,dfcff6851c46f04c0b0ace903f614e23c656cb55,fb52581e0775b226ac2bb03935ab548343908117,3.8.2,Intel Core i7-2600K (64-bit),Ubuntu 20.04 LTS,clang 10.0.0-4ubuntu1
2020-06-14 15:30:56.131552,0.090543,0.432943,fe216a3434899deb7a09b41489e752e1f32e48ff,fb52581e0775b226ac2bb03935ab548343908117,3.8.2,Intel Core i7-2600K (64-bit),Ubuntu 20.04 LTS,clang 10.0.0-4ubuntu1
2020-07-03 20:08:23.979641,0.090643,0.034200,007b7af9f96df9d23744d93fdf54e83bcdc01630,fb52581e0775b226ac2bb03935ab548343908117,3.8.2,Intel Core i7-2600K (64-bit),Ubuntu 20.04 LTS,clang 10.0.0-4ubuntu1
2020-07-03 20:22:40.051830,0.090651,0.015444,17b1f9c9423321e3e6504c97035148cfd51c8436,fb52581e0775b226ac2bb03935ab548343908117,3.8.2,Intel Core i7-2600K (64-bit),Ubuntu 20.04 LTS,clang 10.0.0-4ubuntu1
2020-07-03 20:36:56.311694,0.090653,0.024268,259e0cfb65b656ce0847be7c41a3a12f7c8b00a0,fb52581e0775b226ac2bb03935ab548343908117,3.8.2,Intel Core i7-2600K (64-bit),Ubuntu 20.04 LTS,clang 10.0.0-4ubuntu1
2020-07-03 20:51:00.831294,0.090649,0.026476,59f491470bfba4247dac76f96e8e560cd2d7e4b6,fb52581e0775b226ac2bb03935ab548343908117,3.8.2,Intel Core i7-2600K (64-bit),Ubuntu 20.04 LTS,clang 10.0.0-4ubuntu1
2020-07-03 21:05:08.327400,0.090654,0.014340,650596a628b7726a4a5f4e600f1fa487b8036d11,fb52581e0775b226ac2bb03935ab548343908117,3.8.2,Intel Core i7-2600K (64-bit),Ubuntu 20.04 LTS,clang 10.0.0-4ubuntu1
2020-07-03 21:19:12.083544,0.090642,0.015445,6ee562a8f3e69ac134f8c501b79b3712c9e24bbd,fb52581e0775b226ac2bb03935ab548343908117,3.8.2,Intel Core i7-2600K (64-bit),Ubuntu 20.04 LTS,clang 10.0.0-4ubuntu1
2020-07-03 21:33:09.175483,0.090654,0.027577,71e4540e63796f2d7e4a59b293003e292100b49a,fb52581e0775b226ac2bb03935ab548343908117,3.8.2,Intel Core i7-2600K (64-bit),Ubuntu 20.04 LTS,clang 10.0.0-4ubuntu1
2020-07-03 21:47:06.051484,0.090643,0.013239,8219564d365ba29dda8c4383594d9db91f26feec,fb52581e0775b226ac2bb03935ab548343908117,3.8.2,Intel Core i7-2600K (64-bit),Ubuntu 20.04 LTS,clang 10.0.0-4ubuntu1
2020-07-03 22:01:03.479631,0.090656,0.016546,8577ea4c0cfbc9b3ccfcc74b670bd40089a783a8,fb52581e0775b226ac2bb03935ab548343908117,3.8.2,Intel Core i7-2600K (64-bit),Ubuntu 20.04 LTS,clang 10.0.0-4ubuntu1
2020-07-03 22:14:59.707355,0.090644,0.029787,9354d4a615fedd6c32632be87a2198fa7d4dd042,fb52581e0775b226ac2bb03935ab548343908117,3.8.2,Intel Core i7-2600K (64-bit),Ubuntu 20.04 LTS,clang 10.0.0-4ubuntu1
2020-07-03 22:28:55.335580,0.090646,0.019857,95eff27adb1fae7b1ec4a7315524ebfdcebf6e2b,fb52581e0775b226ac2bb03935ab548343908117,3.8.2,Intel Core i7-2600K (64-bit),Ubuntu 20.04 LTS,clang 10.0.0-4ubuntu1
2020-07-03 22:43:03.171671,0.090655,0.022062,a04bdbfec48796afa20049c9d419d6cc5ecbeb7e,fb52581e0775b226ac2bb03935ab548343908117,3.8.2,Intel Core i7-2600K (64-bit),Ubuntu 20.04 LTS,clang 10.0.0-4ubuntu1
2020-07-03 22:57:19.267720,0.090660,0.018751,a08bbbb2fa37b8d2784dd3b194bcb1cd111bbcac,fb52581e0775b226ac2bb03935ab548343908117,3.8.2,Intel Core i7-2600K (64-bit),Ubuntu 20.04 LTS,clang 10.0.0-4ubuntu1
2020-07-03 23:11:24.995706,0.090650,0.019857,a3b5933d36c1ee934fe49b7924dacffecd92b9fb,fb52581e0775b226ac2bb03935ab548343908117,3.8.2,Intel Core i7-2600K (64-bit),Ubuntu 20.04 LTS,clang 10.0.0-4ubuntu1
2020-07-03 23:25:24.015675,0.090656,0.028680,a810e0c7bed408af343035a38775f70c467f4b9b,fb52581e0775b226ac2bb03935ab548343908117,3.8.2,Intel Core i7-2600K (64-bit),Ubuntu 20.04 LTS,clang 10.0.0-4ubuntu1
2020-07-03 23:39:32.931542,0.090653,0.022062,b67151b80f6611e805cfbfb9444d69a0b1634b03,fb52581e0775b226ac2bb03935ab548343908117,3.8.2,Intel Core i7-2600K (64-bit),Ubuntu 20.04 LTS,clang 10.0.0-4ubuntu1
2020-07-03 23:53:37.383501,0.090655,0.027577,be01236bcdb9a9da66e68dd0d45ff0f9a604e44a,fb52581e0775b226ac2bb03935ab548343908117,3.8.2,Intel Core i7-2600K (64-bit),Ubuntu 20.04 LTS,clang 10.0.0-4ubuntu1
2020-07-04 00:07:34.515491,0.090663,0.020957,d39970f3ac7b786e4e970f1c2bd62f37579500da,fb52581e0775b226ac2bb03935ab548343908117,3.8.2,Intel Core i7-2600K (64-bit),Ubuntu 20.04 LTS,clang 10.0.0-4ubuntu1
2020-07-04 00:21:34.055737,0.090644,0.022064,d3edd60ce14ec9e113835e6889db46fb8a7e085a,fb52581e0775b226ac2bb03935ab548343908117,3.8.2,Intel Core i7-2600K (64-bit),Ubuntu 20.04 LTS,clang 10.0.0-4ubuntu1
2020-07-04 00:35:32.059521,0.090647,0.016548,dc2c392138ebe85fa106b2896f4532b75809ab30,fb52581e0775b226ac2bb03935ab548343908117,3.8.2,Intel Core i7-2600K (64-bit),Ubuntu 20.04 LTS,clang 10.0.0-4ubuntu1
2020-07-04 00:49:28.499650,0.090652,0.023166,e50ba7e2c0c31a20ff0bf262bb0894ebd36af1c1,fb52581e0775b226ac2bb03935ab548343908117,3.8.2,Intel Core i7-2600K (64-bit),Ubuntu 20.04 LTS,clang 10.0.0-4ubuntu1
2020-07-04 01:03:35.907717,0.090640,0.029788,eae1860bef0a6fe06753459bf97633a41e789ed7,fb52581e0775b226ac2bb03935ab548343908117,3.8.2,Intel Core i7-2600K (64-bit),Ubuntu 20.04 LTS,clang 10.0.0-4ubuntu1
2020-07-07 20:03:55.575751,0.091138,0.021945,b98c47edf204c9abce27aa10a99b943f3fb857dc,23bf30070b9f58982a6a2b1c7587423844a85e88,3.8.2,Intel Core i7-2600K (64-bit),Ubuntu 20.04 LTS,clang 10.0.0-4ubuntu1
2020-07-07 20:18:20.667766,0.091130,0.016460,ffdbeb3d47ccb2d9691b36993be0a18e0718d997,23bf30070b9f58982a6a2b1c7587423844a85e88,3.8.2,Intel Core i7-2600K (64-bit),Ubuntu 20.04 LTS,clang 10.0.0-4ubuntu1
2020-07-09 20:06:39.567797,0.091144,0.013166,b1f51217437408eefed37ee09322b9cee0b3c401,23bf30070b9f58982a6a2b1c7587423844a85e88,3.8.2,Intel Core i7-2600K (64-bit),Ubuntu 20.04 LTS,clang 10.0.0-4ubuntu1
2020-07-10 20:02:25.675590,0.091148,0.016457,4026fcfbd3c17e1a534ac12d63e8cb1ec9cc4248,23bf30070b9f58982a6a2b1c7587423844a85e88,3.8.2,Intel Core i7-2600K (64-bit),Ubuntu 20.04 LTS,clang 10.0.0-4ubuntu1
2020-07-10 20:16:50.399777,0.091152,0.023038,82634ed3008a3cbcd4eea466f58e4d65b4c78f3c,23bf30070b9f58982a6a2b1c7587423844a85e88,3.8.2,Intel Core i7-2600K (64-bit),Ubuntu 20.04 LTS,clang 10.0.0-4ubuntu1
2020-07-10 20:31:15.347746,0.091148,0.018651,a5b72909e8ccc0eae63093905e647ce2fd338787,23bf30070b9f58982a6a2b1c7587423844a85e88,3.8.2,Intel Core i7-2600K (64-bit),Ubuntu 20.04 LTS,clang 10.0.0-4ubuntu1
2020-07-10 20:45:40.367716,0.091130,0.014265,f73834ef3590d45750feb2d9fd244eedf2672c37,23bf30070b9f58982a6a2b1c7587423844a85e88,3.8.2,Intel Core i7-2600K (64-bit),Ubuntu 20.04 LTS,clang 10.0.0-4ubuntu1
2020-07-11 20:14:29.851695,0.092333,0.058484,08cd1d66e82d2ca81cc014716f1a9b864b30f31f,23bf30070b9f58982a6a2b1c7587423844a85e88,3.8.2,Intel Core i7-2600K (64-bit),Ubuntu 20.04 LTS,clang 10.0.0-4ubuntu1
2020-07-11 20:28:56.443781,0.091126,0.016461,19f4fb96ad86dd62c28cb4e582af58d36eec085b,23bf30070b9f58982a6a2b1c7587423844a85e88,3.8.2,Intel Core i7-2600K (64-bit),Ubuntu 20.04 LTS,clang 10.0.0-4ubuntu1
2020-07-11 20:43:21.715724,0.091139,0.020847,ac8ae2f386968b393b7b75699b2af2a7e3df3363,23bf30070b9f58982a6a2b1c7587423844a85e88,3.8.2,Intel Core i7-2600K (64-bit),Ubuntu 20.04 LTS,clang 10.0.0-4ubuntu1
2020-07-11 20:57:46.863833,0.091154,0.017553,e8e44e6f9f4a865802d544ea48ea765dfeccdd67,23bf30070b9f58982a6a2b1c7587423844a85e88,3.8.2,Intel Core i7-2600K (64-bit),Ubuntu 20.04 LTS,clang 10.0.0-4ubuntu1
2020-07-13 20:00:10.495629,0.092293,0.058509,358522e28cd58d95daf36256c46eb7ffcc55eea4,23bf30070b9f58982a6a2b1c7587423844a85e88,3.8.2,Intel Core i7-2600K (64-bit),Ubuntu 20.04 LTS,clang 10.0.0-4ubuntu1
2020-07-15 21:36:36.555584,0.091802,0.014161,53ec9f351a848cf2ada8439488e44653e4d534dc,da8ed9b8c2ddce21abc0e28ac0d05ae907ed1c51,3.8.2,Intel Core i7-2600K (64-bit),Ubuntu 20.04 LTS,clang 10.0.0-4ubuntu1
2020-07-19 20:02:46.351785,0.092316,0.072577,5e310192264fca9734299fabcec0211419949aab,da8ed9b8c2ddce21abc0e28ac0d05ae907ed1c51,3.8.2,Intel Core i7-2600K (64-bit),Ubuntu 20.04 LTS,clang 10.0.0-4ubuntu1
2020-07-20 20:03:54.155878,0.092314,0.041164,4cf246f3bb2589d343fe1fdb67a42a23a23c041b,da8ed9b8c2ddce21abc0e28ac0d05ae907ed1c51,3.8.2,Intel Core i7-2600K (64-bit),Ubuntu 20.04 LTS,clang 10.0.0-4ubuntu1
2020-07-20 20:18:48.811754,0.092344,0.038985,a5455bd9f37825d24415e46a4d278d71502c9d07,da8ed9b8c2ddce21abc0e28ac0d05ae907ed1c51,3.8.2,Intel Core i7-2600K (64-bit),Ubuntu 20.04 LTS,clang 10.0.0-4ubuntu1
2020-07-20 20:33:43.491884,0.092311,0.068248,c2fbfe1af1c38534544a27c6811aabf5ca7d672f,da8ed9b8c2ddce21abc0e28ac0d05ae907ed1c51,3.8.2,Intel Core i7-2600K (64-bit),Ubuntu 20.04 LTS,clang 10.0.0-4ubuntu1
2020-07-21 19:20:28.711871,0.092315,0.070411,e1ac8b2f35d5b36c08081fd98709f09ab23d7119,938a7a699484490b338076ea3aeec74da0122d60,3.8.2,Intel Core i7-2600K (64-bit),Ubuntu 20.04 LTS,clang 10.0.0-4ubuntu1
2020-07-22 19:11:19.343411,0.092346,0.057393,03815d6e3ed82af547e51440d3d846af234b7ded,c2cc4286de4bddb3ac6029c69aabb34b5df84ee8,3.8.2,Intel Core i7-2600K (64-bit),Ubuntu 20.04 LTS,clang 10.0.0-4ubuntu1
2020-07-22 19:26:15.255896,0.092319,0.067158,0a8967cefc9ac9c2153281f46a47ee18fe16938f,c2cc4286de4bddb3ac6029c69aabb34b5df84ee8,3.8.2,Intel Core i7-2600K (64-bit),Ubuntu 20.04 LTS,clang 10.0.0-4ubuntu1
2020-07-22 19:41:10.711620,0.092311,0.075831,32a63776ad76e468c97c592dfa7191eb6508d2a1,c2cc4286de4bddb3ac6029c69aabb34b5df84ee8,3.8.2,Intel Core i7-2600K (64-bit),Ubuntu 20.04 LTS,clang 10.0.0-4ubuntu1
2020-07-22 19:56:06.239947,0.092355,0.049808,65186ae1e23fd44f1d7e6aa2c4458bdf55640742,c2cc4286de4bddb3ac6029c69aabb34b5df84ee8,3.8.2,Intel Core i7-2600K (64-bit),Ubuntu 20.04 LTS,clang 10.0.0-4ubuntu1
2020-07-22 20:11:01.731812,0.092357,0.029234,c2e20e91b7dd4998f074e777a5fc7e95188bfe99,c2cc4286de4bddb3ac6029c69aabb34b5df84ee8,3.8.2,Intel Core i7-2600K (64-bit),Ubuntu 20.04 LTS,clang 10.0.0-4ubuntu1
2020-07-22 20:25:56.083726,0.092284,0.042261,d8d82e20d096176fdbee3a33b01a9985bdaecb1c,c2cc4286de4bddb3ac6029c69aabb34b5df84ee8,3.8.2,Intel Core i7-2600K (64-bit),Ubuntu 20.04 LTS,clang 10.0.0-4ubuntu1
2020-07-28 19:13:44.792104,0.096135,0.033287,997b5f254a1dc5289ca021fddf7edd9965c6288e,c2cc4286de4bddb3ac6029c69aabb34b5df84ee8,3.8.2,Intel Core i7-2600K (64-bit),Ubuntu 20.04 LTS,clang 10.0.0-4ubuntu1
2020-07-28 19:28:40.228210,0.096168,0.046793,fba63875677ae855c7cbaf8f4c45a6c256868b19,c2cc4286de4bddb3ac6029c69aabb34b5df84ee8,3.8.2,Intel Core i7-2600K (64-bit),Ubuntu 20.04 LTS,clang 10.0.0-4ubuntu1
2020-07-31 19:17:02.327911,0.096055,0.413305,8b43fb28da5189eb24d7d97dc5f8779137da3e99,c2cc4286de4bddb3ac6029c69aabb34b5df84ee8,3.8.2,Intel Core i7-2600K (64-bit),Ubuntu 20.04 LTS,clang 10.0.0-4ubuntu1
2020-07-31 19:31:57.907709,0.095504,2.180013,a32d2f41304061639044eafc1a40d4fbb4ea49d4,c2cc4286de4bddb3ac6029c69aabb34b5df84ee8,3.8.2,Intel Core i7-2600K (64-bit),Ubuntu 20.04 LTS,clang 10.0.0-4ubuntu1
2020-07-31 19:46:53.299749,0.095498,2.179103,cc46692020ef6b672b761512095fbba281fdefc7,c2cc4286de4bddb3ac6029c69aabb34b5df84ee8,3.8.2,Intel Core i7-2600K (64-bit),Ubuntu 20.04 LTS,clang 10.0.0-4ubuntu1
2020-07-31 20:01:48.503702,0.096166,0.035356,cf52cfe57a91ff54296924f0aef7447dcd4a37ce,c2cc4286de4bddb3ac6029c69aabb34b5df84ee8,3.8.2,Intel Core i7-2600K (64-bit),Ubuntu 20.04 LTS,clang 10.0.0-4ubuntu1
2020-07-31 20:17:02.188213,0.096159,0.045758,da4430119255ac9205c96d54deb2e2ebed0ce8ce,c2cc4286de4bddb3ac6029c69aabb34b5df84ee8,3.8.2,Intel Core i7-2600K (64-bit),Ubuntu 20.04 LTS,clang 10.0.0-4ubuntu1
2020-07-31 20:32:35.772205,0.096174,0.036392,e87bf24521e6727910bdd0330c4a3cb0c926c937,c2cc4286de4bddb3ac6029c69aabb34b5df84ee8,3.8.2,Intel Core i7-2600K (64-bit),Ubuntu 20.04 LTS,clang 10.0.0-4ubuntu1
2020-07-31 20:47:30.700096,0.096176,0.038471,ea9291de044ee8930abbc58fded23fe413b91210,c2cc4286de4bddb3ac6029c69aabb34b5df84ee8,3.8.2,Intel Core i7-2600K (64-bit),Ubuntu 20.04 LTS,clang 10.0.0-4ubuntu1
2020-07-31 21:02:44.400134,0.096182,0.041588,f049560c7b80884b1c361948cafdf972e3f30ef8,c2cc4286de4bddb3ac6029c69aabb34b5df84ee8,3.8.2,Intel Core i7-2600K (64-bit),Ubuntu 20.04 LTS,clang 10.0.0-4ubuntu1
2020-08-02 19:13:46.127928,0.096161,0.046797,12855d4edd6051b03cb528ce2719ac49eac65c58,c2cc4286de4bddb3ac6029c69aabb34b5df84ee8,3.8.2,Intel Core i7-2600K (64-bit),Ubuntu 20.04 LTS,clang 10.0.0-4ubuntu1
2020-08-02 19:29:37.403845,0.096145,0.041604,20b46286a17185c25639b0181c50a174e05b4e11,c2cc4286de4bddb3ac6029c69aabb34b5df84ee8,3.8.2,Intel Core i7-2600K (64-bit),Ubuntu 20.04 LTS,clang 10.0.0-4ubuntu1
2020-08-02 19:45:29.308113,0.096156,0.056159,a9c9a411bb4fc92078e8d9a25846d90adeb91d34,c2cc4286de4bddb3ac6029c69aabb34b5df84ee8,3.8.2,Intel Core i7-2600K (64-bit),Ubuntu 20.04 LTS,clang 10.0.0-4ubuntu1
2020-08-02 20:01:21.315877,0.096160,0.047837,e6615c97d32574f048a73e0638d68d2c3d7e3785,c2cc4286de4bddb3ac6029c69aabb34b5df84ee8,3.8.2,Intel Core i7-2600K (64-bit),Ubuntu 20.04 LTS,clang 10.0.0-4ubuntu1
2020-08-03 19:20:57.996124,0.094632,0.012681,21e160e5310a4c1fc8375558cba4ffdc399dd96c,c2cc4286de4bddb3ac6029c69aabb34b5df84ee8,3.8.2,Intel Core i7-2600K (64-bit),Ubuntu 20.04 LTS,clang 10.0.0-4ubuntu1
2020-08-03 19:36:51.111849,0.094638,0.021133,274a9e8d7dc6739cf9d64bd8b3186909072b7f3d,c2cc4286de4bddb3ac6029c69aabb34b5df84ee8,3.8.2,Intel Core i7-2600K (64-bit),Ubuntu 20.04 LTS,clang 10.0.0-4ubuntu1
2020-08-03 19:52:43.508251,0.096140,0.042646,4d42f0307554ca02edb407b993b82629acb2db18,c2cc4286de4bddb3ac6029c69aabb34b5df84ee8,3.8.2,Intel Core i7-2600K (64-bit),Ubuntu 20.04 LTS,clang 10.0.0-4ubuntu1
2020-08-03 20:08:35.864201,0.096132,0.047851,5d2983dbb3f44a19e2e58feb067f82d5cc443071,c2cc4286de4bddb3ac6029c69aabb34b5df84ee8,3.8.2,Intel Core i7-2600K (64-bit),Ubuntu 20.04 LTS,clang 10.0.0-4ubuntu1
2020-08-03 20:24:28.664121,0.095521,2.190094,da4099c71f9b4c16b1388e25e9f6089d368411dd,c2cc4286de4bddb3ac6029c69aabb34b5df84ee8,3.8.2,Intel Core i7-2600K (64-bit),Ubuntu 20.04 LTS,clang 10.0.0-4ubuntu1
2020-08-04 19:20:10.300244,0.094540,0.381849,5a9d022cee6ef51fe5e9eb534682ef8bc9a229f2,c2cc4286de4bddb3ac6029c69aabb34b5df84ee8,3.8.2,Intel Core i7-2600K (64-bit),Ubuntu 20.04 LTS,clang 10.0.0-4ubuntu1
2020-08-04 19:36:04.984028,0.094635,0.022191,7938f5d0025bf82c21bfe72b8bcb9add7cd58a77,c2cc4286de4bddb3ac6029c69aabb34b5df84ee8,3.8.2,Intel Core i7-2600K (64-bit),Ubuntu 20.04 LTS,clang 10.0.0-4ubuntu1
2020-08-04 19:51:59.791702,0.094633,0.015851,fd995441f5258f4d383696b36724520d4018e739,c2cc4286de4bddb3ac6029c69aabb34b5df84ee8,3.8.2,Intel Core i7-2600K (64-bit),Ubuntu 20.04 LTS,clang 10.0.0-4ubuntu1
2020-08-04 20:07:54.171944,0.094640,0.013736,ffd9d1cdff4af3b482d4dd1f871fd1dc5b39eebb,c2cc4286de4bddb3ac6029c69aabb34b5df84ee8,3.8.2,Intel Core i7-2600K (64-bit),Ubuntu 20.04 LTS,clang 10.0.0-4ubuntu1
2020-08-05 19:23:24.676177,0.094641,0.019019,3e77959eacf3d445a0cb4db5a4bc6dcf606fc040,c2cc4286de4bddb3ac6029c69aabb34b5df84ee8,3.8.2,Intel Core i7-2600K (64-bit),Ubuntu 20.04 LTS,clang 10.0.0-4ubuntu1
2020-08-05 19:39:19.236023,0.094635,0.008454,781caffa5c325b197e2c206a7322e671d2fee442,c2cc4286de4bddb3ac6029c69aabb34b5df84ee8,3.8.2,Intel Core i7-2600K (64-bit),Ubuntu 20.04 LTS,clang 10.0.0-4ubuntu1
2020-08-05 19:55:13.755964,0.094666,0.030634,b10d5405efc32b68b230c77c799c406b8a8d53d9,c2cc4286de4bddb3ac6029c69aabb34b5df84ee8,3.8.2,Intel Core i7-2600K (64-bit),Ubuntu 20.04 LTS,clang 10.0.0-4ubuntu1
2020-08-05 20:11:07.964419,0.094061,2.039102,c5814e5cc9398a26ab01c14fadbcd688ac1674e2,c2cc4286de4bddb3ac6029c69aabb34b5df84ee8,3.8.2,Intel Core i7-2600K (64-bit),Ubuntu 20.04 LTS,clang 10.0.0-4ubuntu1
2020-08-06 19:18:05.992286,0.094635,0.012680,1bbcd536a59ce07fad78f6ec12b53e3859a03aaf,c2cc4286de4bddb3ac6029c69aabb34b5df84ee8,3.8.2,Intel Core i7-2600K (64-bit),Ubuntu 20.04 LTS,clang 10.0.0-4ubuntu1
2020-08-07 19:24:33.592463,0.094642,0.022189,5e9682143720263466f0aaed1924ccb218160ee0,c2cc4286de4bddb3ac6029c69aabb34b5df84ee8,3.8.2,Intel Core i7-2600K (64-bit),Ubuntu 20.04 LTS,clang 10.0.0-4ubuntu1
2020-08-07 19:40:28.304302,0.094639,0.014793,68763aecddbb4edad90e7ed896db08ef9acbdfd5,c2cc4286de4bddb3ac6029c69aabb34b5df84ee8,3.8.2,Intel Core i7-2600K (64-bit),Ubuntu 20.04 LTS,clang 10.0.0-4ubuntu1
2020-08-07 19:56:23.392146,0.094556,0.394475,e2a7d08675a8e30fc25a039cbbd01d664980a9a5,c2cc4286de4bddb3ac6029c69aabb34b5df84ee8,3.8.2,Intel Core i7-2600K (64-bit),Ubuntu 20.04 LTS,clang 10.0.0-4ubuntu1
2020-08-10 19:12:34.480111,0.094633,0.022191,6e41508d3953d8ecb97218a263a1cc625400f477,c2cc4286de4bddb3ac6029c69aabb34b5df84ee8,3.8.2,Intel Core i7-2600K (64-bit),Ubuntu 20.04 LTS,clang 10.0.0-4ubuntu1
2020-08-10 19:28:27.188238,0.094644,0.011623,88eb84ec182c3e638aa15fe0ce7c9673059def7b,c2cc4286de4bddb3ac6029c69aabb34b5df84ee8,3.8.2,Intel Core i7-2600K (64-bit),Ubuntu 20.04 LTS,clang 10.0.0-4ubuntu1
2020-08-10 19:44:20.340163,0.094636,0.020077,d0711bd33db2828529b062aabe41c1ea004546d1,c2cc4286de4bddb3ac6029c69aabb34b5df84ee8,3.8.2,Intel Core i7-2600K (64-bit),Ubuntu 20.04 LTS,clang 10.0.0-4ubuntu1
2020-08-11 19:24:44.068222,0.094645,0.020075,ab5b0ea1fcc099fce3241d8393f0dab24fa67ecf,c2cc4286de4bddb3ac6029c69aabb34b5df84ee8,3.8.2,Intel Core i7-2600K (64-bit),Ubuntu 20.04 LTS,clang 10.0.0-4ubuntu1
2020-08-11 19:40:36.424116,0.094638,0.007397,d94853d74077ff5ce50da311d792da546f4e6c38,c2cc4286de4bddb3ac6029c69aabb34b5df84ee8,3.8.2,Intel Core i7-2600K (64-bit),Ubuntu 20.04 LTS,clang 10.0.0-4ubuntu1
2020-08-12 19:19:12.507934,0.094639,0.007397,0dfac58ede61f7c4a92f55ffe5f527fa6781fab2,c2cc4286de4bddb3ac6029c69aabb34b5df84ee8,3.8.2,Intel Core i7-2600K (64-bit),Ubuntu 20.04 LTS,clang 10.0.0-4ubuntu1
2020-08-12 19:35:04.608164,0.094645,0.009509,b34f4c6b9c2aca899c81c125b8a38b9f2c94c121,c2cc4286de4bddb3ac6029c69aabb34b5df84ee8,3.8.2,Intel Core i7-2600K (64-bit),Ubuntu 20.04 LTS,clang 10.0.0-4ubuntu1
2020-08-13 19:16:00.699959,0.094660,0.032749,049a879504273e1f37d530af0abebca4174045fa,c2cc4286de4bddb3ac6029c69aabb34b5df84ee8,3.8.2,Intel Core i7-2600K (64-bit),Ubuntu 20.04 LTS,clang 10.0.0-4ubuntu1
2020-08-13 19:31:53.088028,0.094640,0.016906,bdc5afb01a6df77be1dd569145f8514b5bdc895d,c2cc4286de4bddb3ac6029c69aabb34b5df84ee8,3.8.2,Intel Core i7-2600K (64-bit),Ubuntu 20.04 LTS,clang 10.0.0-4ubuntu1
2020-08-13 19:47:45.412105,0.094656,0.026411,ce2a2168ce0a8d6d2bec604dbcba595fdaf968e9,c2cc4286de4bddb3ac6029c69aabb34b5df84ee8,3.8.2,Intel Core i7-2600K (64-bit),Ubuntu 20.04 LTS,clang 10.0.0-4ubuntu1
2020-08-13 20:03:36.911835,0.094657,0.030637,fbc45aabdf46c820e81e3fc85e3d50b3ebf28ad0,c2cc4286de4bddb3ac6029c69aabb34b5df84ee8,3.8.2,Intel Core i7-2600K (64-bit),Ubuntu 20.04 LTS,clang 10.0.0-4ubuntu1
2020-08-14 19:21:58.460233,0.094653,0.017960,2e9afec83a5214f4a0eaf57a96034230b8460379,c2cc4286de4bddb3ac6029c69aabb34b5df84ee8,3.8.2,Intel Core i7-2600K (64-bit),Ubuntu 20.04 LTS,clang 10.0.0-4ubuntu1
2020-08-14 19:37:51.432038,0.094510,0.017988,77b857468fd48f1bb4962e4a4973884d5c451a4d,c2cc4286de4bddb3ac6029c69aabb34b5df84ee8,3.8.2,Intel Core i7-2600K (64-bit),Ubuntu 20.04 LTS,clang 10.0.0-4ubuntu1
2020-08-14 19:53:43.260268,0.094636,0.010567,c2c72da2d378c4f2121236a4e7ce65328bc34f4f,c2cc4286de4bddb3ac6029c69aabb34b5df84ee8,3.8.2,Intel Core i7-2600K (64-bit),Ubuntu 20.04 LTS,clang 10.0.0-4ubuntu1
2020-08-14 20:09:35.703780,0.094511,0.022220,e4b4959d4ea505f96c38c4a83ec274e025f07852,c2cc4286de4bddb3ac6029c69aabb34b5df84ee8,3.8.2,Intel Core i7-2600K (64-bit),Ubuntu 20.04 LTS,clang 10.0.0-4ubuntu1
2020-08-14 20:25:29.020155,0.094498,0.019048,ea913ac6b31b8498908684cfbc110b72bf64c3ff,c2cc4286de4bddb3ac6029c69aabb34b5df84ee8,3.8.2,Intel Core i7-2600K (64-bit),Ubuntu 20.04 LTS,clang 10.0.0-4ubuntu1
2020-08-25 19:22:35.446003,0.094502,0.017989,05a4cabbedc68aca97d2b7d90844796ffea24ea8,c2cc4286de4bddb3ac6029c69aabb34b5df84ee8,3.8.2,Intel Core i7-2600K (64-bit),Ubuntu 20.04 LTS,clang 10.0.0-4ubuntu1
2020-08-25 19:38:29.594012,0.094516,0.021160,2b704df25ca299e6936927be8d41d2ab945cee2a,c2cc4286de4bddb3ac6029c69aabb34b5df84ee8,3.8.2,Intel Core i7-2600K (64-bit),Ubuntu 20.04 LTS,clang 10.0.0-4ubuntu1
2020-08-25 19:54:24.114243,0.094516,0.021160,3b57105ef75d8f8f479e1617c035320b80b1bcfa,c2cc4286de4bddb3ac6029c69aabb34b5df84ee8,3.8.2,Intel Core i7-2600K (64-bit),Ubuntu 20.04 LTS,clang 10.0.0-4ubuntu1
2020-08-25 20:10:18.278282,0.094512,0.026452,60e484c187736dfe74a08f827bbbd0d4c104d003,c2cc4286de4bddb3ac6029c69aabb34b5df84ee8,3.8.2,Intel Core i7-2600K (64-bit),Ubuntu 20.04 LTS,clang 10.0.0-4ubuntu1
2020-08-25 20:26:12.450180,0.094506,0.013756,a6ab0968852a85fb30b57dd61ba22dff1dc36a05,c2cc4286de4bddb3ac6029c69aabb34b5df84ee8,3.8.2,Intel Core i7-2600K (64-bit),Ubuntu 20.04 LTS,clang 10.0.0-4ubuntu1
2020-08-25 20:42:03.586069,0.093179,0.016098,a72fca2836653a957fef054bc9ff98133a9ef89c,c2cc4286de4bddb3ac6029c69aabb34b5df84ee8,3.8.2,Intel Core i7-2600K (64-bit),Ubuntu 20.04 LTS,clang 10.0.0-4ubuntu1
2020-08-25 20:57:58.114490,0.094495,0.012699,c231ee4fdca075582e1177a8ecea3f379ccaa784,c2cc4286de4bddb3ac6029c69aabb34b5df84ee8,3.8.2,Intel Core i7-2600K (64-bit),Ubuntu 20.04 LTS,clang 10.0.0-4ubuntu1
2020-08-25 21:13:53.241958,0.093189,0.025754,c63e4cf237fa18febe1b92da669662c1eef5d3b1,c2cc4286de4bddb3ac6029c69aabb34b5df84ee8,3.8.2,Intel Core i7-2600K (64-bit),Ubuntu 20.04 LTS,clang 10.0.0-4ubuntu1
2020-08-25 21:29:47.446148,0.094516,0.027509,d20447981b2b1139e73bf102a70a1a5166a70221,c2cc4286de4bddb3ac6029c69aabb34b5df84ee8,3.8.2,Intel Core i7-2600K (64-bit),Ubuntu 20.04 LTS,clang 10.0.0-4ubuntu1
2020-08-25 21:45:41.494404,0.094504,0.022221,df6894b5a9bb1a913e66df87138cd7a240c09fc1,c2cc4286de4bddb3ac6029c69aabb34b5df84ee8,3.8.2,Intel Core i7-2600K (64-bit),Ubuntu 20.04 LTS,clang 10.0.0-4ubuntu1
2020-09-26 19:23:09.229935,0.096814,0.182825,0a2859c33b819d1404d4d1fde66003f0a99f95ad,c2cc4286de4bddb3ac6029c69aabb34b5df84ee8,3.8.2,Intel Core i7-2600K (64-bit),Ubuntu 20.04 LTS,clang 10.0.0-4ubuntu1
2020-09-26 19:39:05.178048,0.096875,0.026839,31862816ee87afc2b7514aec76249b884a9fdbef,c2cc4286de4bddb3ac6029c69aabb34b5df84ee8,3.8.2,Intel Core i7-2600K (64-bit),Ubuntu 20.04 LTS,clang 10.0.0-4ubuntu1
2020-09-26 19:55:01.406342,0.096870,0.015485,37777b3f52560c6d801e76a2ca58b91f3981f43f,c2cc4286de4bddb3ac6029c69aabb34b5df84ee8,3.8.2,Intel Core i7-2600K (64-bit),Ubuntu 20.04 LTS,clang 10.0.0-4ubuntu1
2020-09-26 20:10:58.413937,0.096858,0.023746,4325aae8ba2231eafd50331e2b9ee22b52a5cf61,c2cc4286de4bddb3ac6029c69aabb34b5df84ee8,3.8.2,Intel Core i7-2600K (64-bit),Ubuntu 20.04 LTS,clang 10.0.0-4ubuntu1
2020-09-26 20:26:55.289991,0.096889,0.016514,44a96876c9f2303af8258532f99cd821a98112dc,c2cc4286de4bddb3ac6029c69aabb34b5df84ee8,3.8.2,Intel Core i7-2600K (64-bit),Ubuntu 20.04 LTS,clang 10.0.0-4ubuntu1
2020-09-26 20:42:51.794438,0.096865,0.023744,57d3473ae906fe945953b874d3dcb66efb2710ca,c2cc4286de4bddb3ac6029c69aabb34b5df84ee8,3.8.2,Intel Core i7-2600K (64-bit),Ubuntu 20.04 LTS,clang 10.0.0-4ubuntu1
2020-09-26 20:58:47.250271,0.096865,0.026841,5a2c3c242d77a630567dbc7bce3856f49b1e085c,c2cc4286de4bddb3ac6029c69aabb34b5df84ee8,3.8.2,Intel Core i7-2600K (64-bit),Ubuntu 20.04 LTS,clang 10.0.0-4ubuntu1
2020-09-26 21:14:44.766202,0.096331,1.854024,61d83f5a731b5237d8669172eafaee631b2fd43a,c2cc4286de4bddb3ac6029c69aabb34b5df84ee8,3.8.2,Intel Core i7-2600K (64-bit),Ubuntu 20.04 LTS,clang 10.0.0-4ubuntu1
2020-09-26 21:30:41.186053,0.096880,0.010322,652aca96609c876c47ca7eaa68d67ac1e36f4215,c2cc4286de4bddb3ac6029c69aabb34b5df84ee8,3.8.2,Intel Core i7-2600K (64-bit),Ubuntu 20.04 LTS,clang 10.0.0-4ubuntu1
2020-09-26 21:46:36.198382,0.096881,0.016515,66687bf8fac7d527981905823c35815c52fedb93,c2cc4286de4bddb3ac6029c69aabb34b5df84ee8,3.8.2,Intel Core i7-2600K (64-bit),Ubuntu 20.04 LTS,clang 10.0.0-4ubuntu1
2020-09-26 22:02:32.194026,0.096876,0.024774,6f07cb6a2e02446b909846f99817f674675e826e,c2cc4286de4bddb3ac6029c69aabb34b5df84ee8,3.8.2,Intel Core i7-2600K (64-bit),Ubuntu 20.04 LTS,clang 10.0.0-4ubuntu1
2020-09-26 22:18:28.557860,0.096864,0.018583,720b77e2ded8c46b66647cdde9218769d33aec41,c2cc4286de4bddb3ac6029c69aabb34b5df84ee8,3.8.2,Intel Core i7-2600K (64-bit),Ubuntu 20.04 LTS,clang 10.0.0-4ubuntu1
2020-09-26 22:34:24.902223,0.096863,0.026842,835b427fe6b508e81c729cf30c496c3fbf9d71a0,c2cc4286de4bddb3ac6029c69aabb34b5df84ee8,3.8.2,Intel Core i7-2600K (64-bit),Ubuntu 20.04 LTS,clang 10.0.0-4ubuntu1
2020-09-26 22:50:21.078174,0.096869,0.014453,9d038469d80e36057c77e0a8a18831f829778f9d,c2cc4286de4bddb3ac6029c69aabb34b5df84ee8,3.8.2,Intel Core i7-2600K (64-bit),Ubuntu 20.04 LTS,clang 10.0.0-4ubuntu1
2020-09-26 23:06:16.305979,0.096879,0.015483,abd9c79f566bf97c2516f86d8e8a37e311700a32,c2cc4286de4bddb3ac6029c69aabb34b5df84ee8,3.8.2,Intel Core i7-2600K (64-bit),Ubuntu 20.04 LTS,clang 10.0.0-4ubuntu1
2020-09-26 23:22:12.686046,0.096353,1.762270,b4c5b804025680e26ab9e1c50990a3f24067a036,c2cc4286de4bddb3ac6029c69aabb34b5df84ee8,3.8.2,Intel Core i7-2600K (64-bit),Ubuntu 20.04 LTS,clang 10.0.0-4ubuntu1
2020-09-26 23:38:09.081873,0.096857,0.024779,b707d297ce7754af904469c8bfdf863ffa75492d,c2cc4286de4bddb3ac6029c69aabb34b5df84ee8,3.8.2,Intel Core i7-2600K (64-bit),Ubuntu 20.04 LTS,clang 10.0.0-4ubuntu1
2020-09-26 23:54:04.993895,0.096864,0.014453,b9062faa5019c94312fa1d865b40e3252f375b1f,c2cc4286de4bddb3ac6029c69aabb34b5df84ee8,3.8.2,Intel Core i7-2600K (64-bit),Ubuntu 20.04 LTS,clang 10.0.0-4ubuntu1
2020-09-27 00:10:00.426027,0.096867,0.012388,bbd6677a51326bf7397ca7ff13f58d3a26ebae6c,c2cc4286de4bddb3ac6029c69aabb34b5df84ee8,3.8.2,Intel Core i7-2600K (64-bit),Ubuntu 20.04 LTS,clang 10.0.0-4ubuntu1
2020-09-27 00:25:56.802027,0.096865,0.012388,ccbcfdd9d58e39864af1ad728456226da9f3dfc3,c2cc4286de4bddb3ac6029c69aabb34b5df84ee8,3.8.2,Intel Core i7-2600K (64-bit),Ubuntu 20.04 LTS,clang 10.0.0-4ubuntu1
2020-09-27 00:41:53.222263,0.096857,0.022714,d066e4498b99a078c25fa44fcc2c4876daeaeacc,c2cc4286de4bddb3ac6029c69aabb34b5df84ee8,3.8.2,Intel Core i7-2600K (64-bit),Ubuntu 20.04 LTS,clang 10.0.0-4ubuntu1
2020-09-27 00:57:49.186287,0.096868,0.022711,d7553fe181f91b6bbf100ca16db83f67690e669a,c2cc4286de4bddb3ac6029c69aabb34b5df84ee8,3.8.2,Intel Core i7-2600K (64-bit),Ubuntu 20.04 LTS,clang 10.0.0-4ubuntu1
2020-09-27 01:13:45.642335,0.096860,0.017551,e959952d9001e9713d329a2f9b196705b028f894,c2cc4286de4bddb3ac6029c69aabb34b5df84ee8,3.8.2,Intel Core i7-2600K (64-bit),Ubuntu 20.04 LTS,clang 10.0.0-4ubuntu1
2020-09-27 01:29:42.314222,0.096865,0.015485,eb50379defc13cea9a8cbbdc0254a578ef6c415e,c2cc4286de4bddb3ac6029c69aabb34b5df84ee8,3.8.2,Intel Core i7-2600K (64-bit),Ubuntu 20.04 LTS,clang 10.0.0-4ubuntu1
2020-09-27 01:45:38.117924,0.096869,0.014453,ec76ccafa757c6d8fbb2c83195170bf75e0ff324,c2cc4286de4bddb3ac6029c69aabb34b5df84ee8,3.8.2,Intel Core i7-2600K (64-bit),Ubuntu 20.04 LTS,clang 10.0.0-4ubuntu1
2020-09-27 02:01:34.765943,0.096807,0.172508,f2dfd91940da0bdb777228dc19c2b18a42d15682,c2cc4286de4bddb3ac6029c69aabb34b5df84ee8,3.8.2,Intel Core i7-2600K (64-bit),Ubuntu 20.04 LTS,clang 10.0.0-4ubuntu1
2020-09-27 02:17:31.218153,0.096877,0.014451,f632cbda0b620b8641c0583c91a59cbc35d9b7e7,c2cc4286de4bddb3ac6029c69aabb34b5df84ee8,3.8.2,Intel Core i7-2600K (64-bit),Ubuntu 20.04 LTS,clang 10.0.0-4ubuntu1
2020-09-27 02:33:29.202183,0.096870,0.013420,f66811779f423202d33a53790e5f8418a5a31c2f,c2cc4286de4bddb3ac6029c69aabb34b5df84ee8,3.8.2,Intel Core i7-2600K (64-bit),Ubuntu 20.04 LTS,clang 10.0.0-4ubuntu1
2020-09-27 02:49:26.750276,0.096876,0.012387,f743b0af0f62ce4cf8612829e50310eb0a019724,c2cc4286de4bddb3ac6029c69aabb34b5df84ee8,3.8.2,Intel Core i7-2600K (64-bit),Ubuntu 20.04 LTS,clang 10.0.0-4ubuntu1
2020-09-27 03:05:23.102236,0.096870,0.010323,fac2cda3b1492366f5a0351097e9d774ac98cb06,c2cc4286de4bddb3ac6029c69aabb34b5df84ee8,3.8.2,Intel Core i7-2600K (64-bit),Ubuntu 20.04 LTS,clang 10.0.0-4ubuntu1
2020-09-27 19:11:57.122401,0.096881,0.021676,0b4a2c9d8edb57e2b61219c96eefe010073a5c14,c2cc4286de4bddb3ac6029c69aabb34b5df84ee8,3.8.2,Intel Core i7-2600K (64-bit),Ubuntu 20.04 LTS,clang 10.0.0-4ubuntu1
2020-09-27 19:27:55.478672,0.092619,0.032391,765acca4ea0f869be65272ef5952cabd6a0f7036,c2cc4286de4bddb3ac6029c69aabb34b5df84ee8,3.8.2,Intel Core i7-2600K (64-bit),Ubuntu 20.04 LTS,clang 10.0.0-4ubuntu1
2020-09-27 19:43:52.822520,0.092617,0.032391,960e5e2f9829b7ae1577c13e0fd69501e6075047,c2cc4286de4bddb3ac6029c69aabb34b5df84ee8,3.8.2,Intel Core i7-2600K (64-bit),Ubuntu 20.04 LTS,clang 10.0.0-4ubuntu1
2020-09-27 19:59:49.718442,0.096370,1.765072,fa538f8950189d447e61d1db16ca5833df8c658f,c2cc4286de4bddb3ac6029c69aabb34b5df84ee8,3.8.2,Intel Core i7-2600K (64-bit),Ubuntu 20.04 LTS,clang 10.0.0-4ubuntu1
2020-09-28 19:11:38.824901,0.092639,0.021589,4fb5a21b443c1fe593d0e2d1cf063811efea4902,c2cc4286de4bddb3ac6029c69aabb34b5df84ee8,3.8.2,Intel Core i7-2600K (64-bit),Ubuntu 20.04 LTS,clang 10.0.0-4ubuntu1
2020-09-28 19:27:35.329015,0.092631,0.015114,8bf770d63cc4ac656dde00904b61d7f1b6fba68e,c2cc4286de4bddb3ac6029c69aabb34b5df84ee8,3.8.2,Intel Core i7-2600K (64-bit),Ubuntu 20.04 LTS,clang 10.0.0-4ubuntu1
2020-09-29 19:19:13.749295,0.092637,0.014033,0d7cd079db74cd39153aa20b055199e8eaf4a9e2,c2cc4286de4bddb3ac6029c69aabb34b5df84ee8,3.8.2,Intel Core i7-2600K (64-bit),Ubuntu 20.04 LTS,clang 10.0.0-4ubuntu1
2020-09-29 19:35:03.469109,0.092632,0.038863,3efabd61e34e3c70f8a15cb4ac29810e270ec537,c2cc4286de4bddb3ac6029c69aabb34b5df84ee8,3.8.2,Intel Core i7-2600K (64-bit),Ubuntu 20.04 LTS,clang 10.0.0-4ubuntu1
2020-09-29 19:50:53.417203,0.092046,2.174999,733d70d05d395ccea828e0e489d808c51ceb4890,c2cc4286de4bddb3ac6029c69aabb34b5df84ee8,3.8.2,Intel Core i7-2600K (64-bit),Ubuntu 20.04 LTS,clang 10.0.0-4ubuntu1
2020-09-29 20:06:43.417154,0.092651,0.018348,89695cd476a06108051637c85455a57042d0f988,c2cc4286de4bddb3ac6029c69aabb34b5df84ee8,3.8.2,Intel Core i7-2600K (64-bit),Ubuntu 20.04 LTS,clang 10.0.0-4ubuntu1
2020-09-29 20:22:33.717250,0.092637,0.016192,9ab622cf557f1184dd040ff4b282c7a13ea3d976,c2cc4286de4bddb3ac6029c69aabb34b5df84ee8,3.8.2,Intel Core i7-2600K (64-bit),Ubuntu 20.04 LTS,clang 10.0.0-4ubuntu1
2020-09-30 19:24:49.369079,0.092638,0.018351,328cfd7a4fa2557f88ea91c8392b326c962e67d6,c2cc4286de4bddb3ac6029c69aabb34b5df84ee8,3.8.2,Intel Core i7-2600K (64-bit),Ubuntu 20.04 LTS,clang 10.0.0-4ubuntu1
2020-09-30 19:40:39.957051,0.092636,0.026987,3a590b98d734aa6f800c3c59b6df17d643a479b6,c2cc4286de4bddb3ac6029c69aabb34b5df84ee8,3.8.2,Intel Core i7-2600K (64-bit),Ubuntu 20.04 LTS,clang 10.0.0-4ubuntu1
2020-09-30 19:56:29.833118,0.092638,0.020510,538d36481526135c44b90383663eaa177cfc32e3,c2cc4286de4bddb3ac6029c69aabb34b5df84ee8,3.8.2,Intel Core i7-2600K (64-bit),Ubuntu 20.04 LTS,clang 10.0.0-4ubuntu1
2020-09-30 20:12:19.901151,0.092631,0.023750,be1a005ed3428e7b1bd280d37c272b1690344b45,c2cc4286de4bddb3ac6029c69aabb34b5df84ee8,3.8.2,Intel Core i7-2600K (64-bit),Ubuntu 20.04 LTS,clang 10.0.0-4ubuntu1
2020-09-30 20:28:10.081089,0.092636,0.018351,c65c972a1cf57c9909563b4cde95a5fb08ae973e,c2cc4286de4bddb3ac6029c69aabb34b5df84ee8,3.8.2,Intel Core i7-2600K (64-bit),Ubuntu 20.04 LTS,clang 10.0.0-4ubuntu1
2020-10-01 19:18:23.989239,0.092662,0.018346,b884a394b4406b647317668a28538821ca08c056,c2cc4286de4bddb3ac6029c69aabb34b5df84ee8,3.8.2,Intel Core i7-2600K (64-bit),Ubuntu 20.04 LTS,clang 10.0.0-4ubuntu1
2020-10-04 19:19:00.561207,0.092655,0.021585,45d3655c38a7260bd91a0324b4048a585f152016,c2cc4286de4bddb3ac6029c69aabb34b5df84ee8,3.8.2,Intel Core i7-2600K (64-bit),Ubuntu 20.04 LTS,clang 10.0.0-4ubuntu1
2020-10-04 19:34:51.657268,0.092643,0.018350,e1796ad0cfaee34d95b40ab47ae4bc76a258e770,c2cc4286de4bddb3ac6029c69aabb34b5df84ee8,3.8.2,Intel Core i7-2600K (64-bit),Ubuntu 20.04 LTS,clang 10.0.0-4ubuntu1
2020-10-05 19:11:51.389432,0.092628,0.019433,49a8c102a11d3ec8ffc48dc0a6d5409ed60767fd,c2cc4286de4bddb3ac6029c69aabb34b5df84ee8,3.8.2,Intel Core i7-2600K (64-bit),Ubuntu 20.04 LTS,clang 10.0.0-4ubuntu1
2020-10-06 19:19:15.293475,0.092633,0.012954,212233302c82f06a29baf1acacf519689ce024f2,c2cc4286de4bddb3ac6029c69aabb34b5df84ee8,3.8.2,Intel Core i7-2600K (64-bit),Ubuntu 20.04 LTS,clang 10.0.0-4ubuntu1
2020-10-06 19:35:04.972988,0.092665,0.032375,6b0f7d77a598db010f8aad6f1dcc343bb305f948,c2cc4286de4bddb3ac6029c69aabb34b5df84ee8,3.8.2,Intel Core i7-2600K (64-bit),Ubuntu 20.04 LTS,clang 10.0.0-4ubuntu1
2020-10-06 19:51:01.193190,0.092066,2.012687,89de623ba16b169eafb0fc9705bc8e8ea8bcc583,c2cc4286de4bddb3ac6029c69aabb34b5df84ee8,3.8.2,Intel Core i7-2600K (64-bit),Ubuntu 20.04 LTS,clang 10.0.0-4ubuntu1
2020-10-06 20:06:52.521189,0.092648,0.022666,f94cc9e6c0a046e2dc819a42d6d700d325016c5a,c2cc4286de4bddb3ac6029c69aabb34b5df84ee8,3.8.2,Intel Core i7-2600K (64-bit),Ubuntu 20.04 LTS,clang 10.0.0-4ubuntu1
2020-10-07 19:19:35.985189,0.092644,0.028064,7273e9ab1664b59a74d9bd1d2361bbeb9864b7ab,c2cc4286de4bddb3ac6029c69aabb34b5df84ee8,3.8.2,Intel Core i7-2600K (64-bit),Ubuntu 20.04 LTS,clang 10.0.0-4ubuntu1
2020-10-16 16:10:27.093014,0.092872,0.881859,08f207ef4a09f56d710d63775771ae921c41d4bc,530627f124d207bf1b559920efc8990fc26e04ec,3.8.2,Intel Core i7-2600K (64-bit),Ubuntu 20.04 LTS,clang 10.0.0-4ubuntu1
2020-10-16 16:26:19.200943,0.090971,0.017588,332e78842e9eea6b887779e1841a617970db9fcf,530627f124d207bf1b559920efc8990fc26e04ec,3.8.2,Intel Core i7-2600K (64-bit),Ubuntu 20.04 LTS,clang 10.0.0-4ubuntu1
2020-10-16 16:42:11.089227,0.090973,0.016488,4a8900873cab54ddb6a741383c2469436db90b89,530627f124d207bf1b559920efc8990fc26e04ec,3.8.2,Intel Core i7-2600K (64-bit),Ubuntu 20.04 LTS,clang 10.0.0-4ubuntu1
2020-10-16 16:58:03.677397,0.093101,0.010741,5bdb6b557ae5ffea55f46c69cbb0497b91375b72,530627f124d207bf1b559920efc8990fc26e04ec,3.8.2,Intel Core i7-2600K (64-bit),Ubuntu 20.04 LTS,clang 10.0.0-4ubuntu1
2020-10-16 17:13:55.621221,0.090971,0.012092,68797a6145886eed829339062c4f1a682d000d76,530627f124d207bf1b559920efc8990fc26e04ec,3.8.2,Intel Core i7-2600K (64-bit),Ubuntu 20.04 LTS,clang 10.0.0-4ubuntu1
2020-10-16 17:29:48.101044,0.093106,0.009666,92a5cbd1410ef4ee43e395c31609770625c5c790,530627f124d207bf1b559920efc8990fc26e04ec,3.8.2,Intel Core i7-2600K (64-bit),Ubuntu 20.04 LTS,clang 10.0.0-4ubuntu1
2020-10-16 17:45:40.413229,0.093116,0.009665,952ca239e6126aff52067a37869bd394eb08cf21,530627f124d207bf1b559920efc8990fc26e04ec,3.8.2,Intel Core i7-2600K (64-bit),Ubuntu 20.04 LTS,clang 10.0.0-4ubuntu1
2020-10-16 18:01:32.205169,0.090972,0.010992,ab1bd98cc8a6415398121a47c687ede6f4cca4fd,530627f124d207bf1b559920efc8990fc26e04ec,3.8.2,Intel Core i7-2600K (64-bit),Ubuntu 20.04 LTS,clang 10.0.0-4ubuntu1
2020-10-16 18:17:24.633012,0.093111,0.015036,cca6e2fdc874b7538bd1d2ef70daab687b2a0363,530627f124d207bf1b559920efc8990fc26e04ec,3.8.2,Intel Core i7-2600K (64-bit),Ubuntu 20.04 LTS,clang 10.0.0-4ubuntu1
2020-10-16 18:33:16.393076,0.093109,0.006444,e2274a6583a2fa0694c17c55395cc9c55109e20e,530627f124d207bf1b559920efc8990fc26e04ec,3.8.2,Intel Core i7-2600K (64-bit),Ubuntu 20.04 LTS,clang 10.0.0-4ubuntu1
2020-10-16 18:49:09.317048,0.093099,0.012890,ffed88fb95fcbfdd1363f0f719bd3e13f8fe20e9,530627f124d207bf1b559920efc8990fc26e04ec,3.8.2,Intel Core i7-2600K (64-bit),Ubuntu 20.04 LTS,clang 10.0.0-4ubuntu1
2020-10-17 16:01:35.909157,0.093120,0.017182,5db3e1a024a98af4184d6864c71d6abbf00dc3b3,530627f124d207bf1b559920efc8990fc26e04ec,3.8.2,Intel Core i7-2600K (64-bit),Ubuntu 20.04 LTS,clang 10.0.0-4ubuntu1
2020-10-18 15:55:44.241011,0.093116,0.009665,1b21080ccd41f57ed3b63fe7cc690b6079c72d3f,530627f124d207bf1b559920efc8990fc26e04ec,3.8.2,Intel Core i7-2600K (64-bit),Ubuntu 20.04 LTS,clang 10.0.0-4ubuntu1
2020-10-18 16:11:37.089201,0.093111,0.013962,22d2e32a70869cdb1e600f8f27500bc13385b18e,530627f124d207bf1b559920efc8990fc26e04ec,3.8.2,Intel Core i7-2600K (64-bit),Ubuntu 20.04 LTS,clang 10.0.0-4ubuntu1
2020-10-18 16:27:29.717105,0.093116,0.015035,39e83d119ac0982561b3f209ce2cc69845178da3,530627f124d207bf1b559920efc8990fc26e04ec,3.8.2,Intel Core i7-2600K (64-bit),Ubuntu 20.04 LTS,clang 10.0.0-4ubuntu1
2020-10-18 16:43:22.448914,0.093112,0.009666,3acbf3fe78a61c19ff96754233ada453472004c4,530627f124d207bf1b559920efc8990fc26e04ec,3.8.2,Intel Core i7-2600K (64-bit),Ubuntu 20.04 LTS,clang 10.0.0-4ubuntu1
2020-10-18 16:59:15.884786,0.093112,0.017184,48f2b10d55a7cc8067a4a64c497d1e661b99a707,530627f124d207bf1b559920efc8990fc26e04ec,3.8.2,Intel Core i7-2600K (64-bit),Ubuntu 20.04 LTS,clang 10.0.0-4ubuntu1
2020-10-18 17:15:08.345158,0.093111,0.015036,6077dc8a93d63d5ba4e00879b74933568003b811,530627f124d207bf1b559920efc8990fc26e04ec,3.8.2,Intel Core i7-2600K (64-bit),Ubuntu 20.04 LTS,clang 10.0.0-4ubuntu1
2020-10-18 17:31:00.469334,0.092871,0.863563,9165bb1120d891ff3cc0112225d3d17578b50f8a,530627f124d207bf1b559920efc8990fc26e04ec,3.8.2,Intel Core i7-2600K (64-bit),Ubuntu 20.04 LTS,clang 10.0.0-4ubuntu1
2020-10-18 17:46:52.885032,0.093129,0.015033,941a414080d06dd34ae9c7441f5393f2f8338107,530627f124d207bf1b559920efc8990fc26e04ec,3.8.2,Intel Core i7-2600K (64-bit),Ubuntu 20.04 LTS,clang 10.0.0-4ubuntu1
2020-10-18 18:02:45.325473,0.093113,0.015035,a9fa9ab43a2655cf81c66c065d51db4618839d05,530627f124d207bf1b559920efc8990fc26e04ec,3.8.2,Intel Core i7-2600K (64-bit),Ubuntu 20.04 LTS,clang 10.0.0-4ubuntu1
2020-10-18 18:18:37.977034,0.092870,0.864650,e21214ff51509eecf33fafb1d738594190f95203,530627f124d207bf1b559920efc8990fc26e04ec,3.8.2,Intel Core i7-2600K (64-bit),Ubuntu 20.04 LTS,clang 10.0.0-4ubuntu1
2020-10-18 18:34:31.132811,0.093115,0.009665,e4131a5cb7371943413191591426eb9c6a6be159,530627f124d207bf1b559920efc8990fc26e04ec,3.8.2,Intel Core i7-2600K (64-bit),Ubuntu 20.04 LTS,clang 10.0.0-4ubuntu1
2020-10-18 18:50:23.689200,0.093121,0.012886,f5f5485387c3ac9f4bbb56c036faee2a1abdaa70,530627f124d207bf1b559920efc8990fc26e04ec,3.8.2,Intel Core i7-2600K (64-bit),Ubuntu 20.04 LTS,clang 10.0.0-4ubuntu1
2020-10-19 16:06:34.873079,0.093110,0.022554,0b865c907921a438c9e129dfc819b09a945a1509,530627f124d207bf1b559920efc8990fc26e04ec,3.8.2,Intel Core i7-2600K (64-bit),Ubuntu 20.04 LTS,clang 10.0.0-4ubuntu1
2020-10-19 16:22:28.076921,0.093120,0.012887,27a98307528a4c3c43dab1cac47f089ac5a9d55b,530627f124d207bf1b559920efc8990fc26e04ec,3.8.2,Intel Core i7-2600K (64-bit),Ubuntu 20.04 LTS,clang 10.0.0-4ubuntu1
2020-10-19 16:38:21.976893,0.093111,0.011814,6bbc8c5e4f48f8ec2988c7ce70ec41b61475b9da,530627f124d207bf1b559920efc8990fc26e04ec,3.8.2,Intel Core i7-2600K (64-bit),Ubuntu 20.04 LTS,clang 10.0.0-4ubuntu1
2020-10-19 16:54:15.516894,0.092872,0.859247,8c2ea0fcbfde98c24039dd271e505beb04dae25c,530627f124d207bf1b559920efc8990fc26e04ec,3.8.2,Intel Core i7-2600K (64-bit),Ubuntu 20.04 LTS,clang 10.0.0-4ubuntu1
2020-10-19 17:10:08.648969,0.093116,0.015035,aed5642631edf518bbaf1c94ec54108fbf269dcc,530627f124d207bf1b559920efc8990fc26e04ec,3.8.2,Intel Core i7-2600K (64-bit),Ubuntu 20.04 LTS,clang 10.0.0-4ubuntu1
2020-10-19 17:26:01.945057,0.093116,0.023626,cbf7705639b5470b7ed46802dcc91a51d91524d3,530627f124d207bf1b559920efc8990fc26e04ec,3.8.2,Intel Core i7-2600K (64-bit),Ubuntu 20.04 LTS,clang 10.0.0-4ubuntu1
2020-10-19 17:41:54.545121,0.093105,0.015037,e145ba840db73e60af2dc84379cb25ec08fad455,530627f124d207bf1b559920efc8990fc26e04ec,3.8.2,Intel Core i7-2600K (64-bit),Ubuntu 20.04 LTS,clang 10.0.0-4ubuntu1
2020-10-19 17:57:47.852960,0.092874,0.875380,e815e488fc574034592e5de5323a00fe8edc733a,530627f124d207bf1b559920efc8990fc26e04ec,3.8.2,Intel Core i7-2600K (64-bit),Ubuntu 20.04 LTS,clang 10.0.0-4ubuntu1
2020-10-21 16:00:59.889058,0.093109,0.015036,ecec8bbf98ea1f78e61133312bee20e88de021fe,530627f124d207bf1b559920efc8990fc26e04ec,3.8.2,Intel Core i7-2600K (64-bit),Ubuntu 20.04 LTS,clang 10.0.0-4ubuntu1
2020-10-22 16:08:43.069241,0.093111,0.023628,52b425b00721edcc22035e75adcb670919dbbb8c,530627f124d207bf1b559920efc8990fc26e04ec,3.8.2,Intel Core i7-2600K (64-bit),Ubuntu 20.04 LTS,clang 10.0.0-4ubuntu1
2020-10-22 16:24:36.609071,0.093110,0.013962,db8de922a335d01a9681eacb81860190b611b4d8,530627f124d207bf1b559920efc8990fc26e04ec,3.8.2,Intel Core i7-2600K (64-bit),Ubuntu 20.04 LTS,clang 10.0.0-4ubuntu1
2020-10-23 16:05:44.497384,0.092868,0.880820,af3c8be98f9a3fad3fd9c7a9839278c8c1d74455,530627f124d207bf1b559920efc8990fc26e04ec,3.8.2,Intel Core i7-2600K (64-bit),Ubuntu 20.04 LTS,clang 10.0.0-4ubuntu1
2020-10-24 15:58:51.597172,0.093113,0.015035,0fb671c668920954de24700ebaf1126319897ca0,530627f124d207bf1b559920efc8990fc26e04ec,3.8.2,Intel Core i7-2600K (64-bit),Ubuntu 20.04 LTS,clang 10.0.0-4ubuntu1
2020-10-25 17:07:52.137218,0.093097,0.010741,161ee24c17e731a46d0c735f27a059347fc76e0d,530627f124d207bf1b559920efc8990fc26e04ec,3.8.2,Intel Core i7-2600K (64-bit),Ubuntu 20.04 LTS,clang 10.0.0-4ubuntu1
2020-10-25 17:23:36.561018,0.093111,0.011814,8fd20eb73a2a7ecc400db689b46dea63dfc39311,530627f124d207bf1b559920efc8990fc26e04ec,3.8.2,Intel Core i7-2600K (64-bit),Ubuntu 20.04 LTS,clang 10.0.0-4ubuntu1
2020-10-25 17:39:28.009205,0.093112,0.015036,a0542c1d7a6ce3088da37d696b8fa2f5d67ebd57,530627f124d207bf1b559920efc8990fc26e04ec,3.8.2,Intel Core i7-2600K (64-bit),Ubuntu 20.04 LTS,clang 10.0.0-4ubuntu1
2020-10-25 17:55:13.192961,0.093116,0.013961,af99ebc03cb2399872db5db93e5201e03ded5c01,530627f124d207bf1b559920efc8990fc26e04ec,3.8.2,Intel Core i7-2600K (64-bit),Ubuntu 20.04 LTS,clang 10.0.0-4ubuntu1
2020-10-26 16:55:52.969084,0.093108,0.010740,f220ce50725ed7f117832b9f03aed4d1a9508e00,530627f124d207bf1b559920efc8990fc26e04ec,3.8.2,Intel Core i7-2600K (64-bit),Ubuntu 20.04 LTS,clang 10.0.0-4ubuntu1
2020-10-28 16:55:42.067472,0.093114,0.016109,22f52781dd9da1625136be0ff9bcb2ef5c8feceb,530627f124d207bf1b559920efc8990fc26e04ec,3.8.2,Intel Core i7-2600K (64-bit),Ubuntu 20.04 LTS,clang 10.0.0-4ubuntu1
2020-10-28 17:11:25.615436,0.092863,0.860407,44818988eecd6d7a3a03ed4282dc46712c4899f6,530627f124d207bf1b559920efc8990fc26e04ec,3.8.2,Intel Core i7-2600K (64-bit),Ubuntu 20.04 LTS,clang 10.0.0-4ubuntu1
2020-10-28 17:27:09.979267,0.093092,0.019336,7c6df795f86d2c38dd4706544514578e14edf5a5,530627f124d207bf1b559920efc8990fc26e04ec,3.8.2,Intel Core i7-2600K (64-bit),Ubuntu 20.04 LTS,clang 10.0.0-4ubuntu1
2020-10-28 17:42:53.883058,0.093105,0.013963,7f63b4961064ad736ad2647f7cee998631101424,530627f124d207bf1b559920efc8990fc26e04ec,3.8.2,Intel Core i7-2600K (64-bit),Ubuntu 20.04 LTS,clang 10.0.0-4ubuntu1
2020-10-29 16:55:50.431115,0.093105,0.011815,985a20d87eb3a516ff4457041a77026b4c6bd784,530627f124d207bf1b559920efc8990fc26e04ec,3.8.2,Intel Core i7-2600K (64-bit),Ubuntu 20.04 LTS,clang 10.0.0-4ubuntu1
2020-10-31 17:00:48.351313,0.093113,0.013962,f6fb60ef69738cbfe2dfe56c747eca8f03735d8e,530627f124d207bf1b559920efc8990fc26e04ec,3.8.2,Intel Core i7-2600K (64-bit),Ubuntu 20.04 LTS,clang 10.0.0-4ubuntu1
2020-11-01 16:58:07.511284,0.093113,0.015035,24fdf343fd1acd744869dc5958f9259cd114c674,530627f124d207bf1b559920efc8990fc26e04ec,3.8.2,Intel Core i7-2600K (64-bit),Ubuntu 20.04 LTS,clang 10.0.0-4ubuntu1
2020-11-01 17:13:51.955189,0.093113,0.019331,7e66e51099e1c1c37673bed8154e2d3c74846067,530627f124d207bf1b559920efc8990fc26e04ec,3.8.2,Intel Core i7-2600K (64-bit),Ubuntu 20.04 LTS,clang 10.0.0-4ubuntu1
2020-11-01 17:29:35.747139,0.093099,0.012890,fd16f84a2d692ce3712d3da3251561d6af03261b,530627f124d207bf1b559920efc8990fc26e04ec,3.8.2,Intel Core i7-2600K (64-bit),Ubuntu 20.04 LTS,clang 10.0.0-4ubuntu1
2020-11-02 16:57:08.183264,0.092931,0.660705,c1fa1ade66a053774366d3710c380cfc8b3abbb1,530627f124d207bf1b559920efc8990fc26e04ec,3.8.2,Intel Core i7-2600K (64-bit),Ubuntu 20.04 LTS,clang 10.0.0-4ubuntu1
2020-11-03 17:04:44.151451,0.093106,0.017185,3ed47476d84837f17a0b18dfccc39c2dd1cd90ac,530627f124d207bf1b559920efc8990fc26e04ec,3.8.2,Intel Core i7-2600K (64-bit),Ubuntu 20.04 LTS,clang 10.0.0-4ubuntu1
2020-11-03 17:20:23.379527,0.093107,0.015036,52702e588ad2b8702ad74888ea10df852af1f035,530627f124d207bf1b559920efc8990fc26e04ec,3.8.2,Intel Core i7-2600K (64-bit),Ubuntu 20.04 LTS,clang 10.0.0-4ubuntu1
2020-11-03 17:36:02.387284,0.093126,0.019329,ff2ae7c1dce114cf6179dec4921fc71f76ad097e,530627f124d207bf1b559920efc8990fc26e04ec,3.8.2,Intel Core i7-2600K (64-bit),Ubuntu 20.04 LTS,clang 10.0.0-4ubuntu1
2020-11-04 17:06:06.523127,0.093128,0.009664,1e6063d0cd628eafba935e3496e638e43072372e,530627f124d207bf1b559920efc8990fc26e04ec,3.8.2,Intel Core i7-2600K (64-bit),Ubuntu 20.04 LTS,clang 10.0.0-4ubuntu1
2020-11-04 17:21:46.679243,0.093112,0.017184,34dc670561580ffe42ee59755faec70e4e1bd53f,530627f124d207bf1b559920efc8990fc26e04ec,3.8.2,Intel Core i7-2600K (64-bit),Ubuntu 20.04 LTS,clang 10.0.0-4ubuntu1
2020-11-04 17:37:25.727419,0.093116,0.010739,42aa9f393f6a077a084efc0d84d4ae2fc503119a,530627f124d207bf1b559920efc8990fc26e04ec,3.8.2,Intel Core i7-2600K (64-bit),Ubuntu 20.04 LTS,clang 10.0.0-4ubuntu1
2020-11-04 17:53:04.915348,0.092878,0.847348,57c8317a92d350d29ccaa2d9c45c65a77a179139,530627f124d207bf1b559920efc8990fc26e04ec,3.8.2,Intel Core i7-2600K (64-bit),Ubuntu 20.04 LTS,clang 10.0.0-4ubuntu1
2020-11-04 18:08:44.339414,0.093125,0.018255,6bd40b8ad4ac2cc76b27a14fc1fda9740b10ae17,530627f124d207bf1b559920efc8990fc26e04ec,3.8.2,Intel Core i7-2600K (64-bit),Ubuntu 20.04 LTS,clang 10.0.0-4ubuntu1
2020-11-05 17:03:29.639400,0.092619,1.177944,2695e9589ac0f2c729a3c4b62903ca86a9125569,530627f124d207bf1b559920efc8990fc26e04ec,3.8.2,Intel Core i7-2600K (64-bit),Ubuntu 20.04 LTS,clang 10.0.0-4ubuntu1
2020-11-05 17:19:07.755302,0.093110,0.012888,613c0cee4599455d767464cf9334479fa9adec68,530627f124d207bf1b559920efc8990fc26e04ec,3.8.2,Intel Core i7-2600K (64-bit),Ubuntu 20.04 LTS,clang 10.0.0-4ubuntu1
2020-11-12 17:06:04.767316,0.093116,0.011813,a79f1aaade9fe150a4bc9bb1d5ad287824298f74,06d64c0069a2304d887c5cc16febbf9e7bd4b2af,3.8.2,Intel Core i7-2600K (64-bit),Ubuntu 20.04 LTS,clang 10.0.0-4ubuntu1
2020-11-12 17:23:09.935491,0.093118,0.013961,bb3306e948093b5323c0c63096c3557d890c059f,06d64c0069a2304d887c5cc16febbf9e7bd4b2af,3.8.2,Intel Core i7-2600K (64-bit),Ubuntu 20.04 LTS,clang 10.0.0-4ubuntu1
2020-11-14 17:09:57.203332,0.093128,0.012885,37c4e2f702ae2c188f6a79b35d18a766cc019407,c2dd7b1061a8c4f73c055bec7e8d30443e226fe4,3.8.2,Intel Core i7-2600K (64-bit),Ubuntu 20.04 LTS,clang 10.0.0-4ubuntu1
2020-11-15 17:12:47.123135,0.093118,0.007517,d4dc00f63b70c6a95b0cf463a64e94872a42d5eb,c2dd7b1061a8c4f73c055bec7e8d30443e226fe4,3.8.2,Intel Core i7-2600K (64-bit),Ubuntu 20.04 LTS,clang 10.0.0-4ubuntu1
2020-11-16 17:04:10.987309,0.093111,0.013962,260ac5fda39c0b0314fe85af2c18c4e25195a155,c2dd7b1061a8c4f73c055bec7e8d30443e226fe4,3.8.2,Intel Core i7-2600K (64-bit),Ubuntu 20.04 LTS,clang 10.0.0-4ubuntu1
2020-11-16 17:22:14.807302,0.093121,0.015034,6272beb59cd3721c1ce73934f4988602b212a21d,c2dd7b1061a8c4f73c055bec7e8d30443e226fe4,3.8.2,Intel Core i7-2600K (64-bit),Ubuntu 20.04 LTS,clang 10.0.0-4ubuntu1
2020-11-17 17:05:05.615664,0.093123,0.013960,0c80091ee4d99462db093fce4334890fb9e2411d,c2dd7b1061a8c4f73c055bec7e8d30443e226fe4,3.8.2,Intel Core i7-2600K (64-bit),Ubuntu 20.04 LTS,clang 10.0.0-4ubuntu1
2020-11-17 17:23:08.263301,0.093117,0.012887,fadb27f1b5c933d5efb4d5910b3d3d540c5f7a72,c2dd7b1061a8c4f73c055bec7e8d30443e226fe4,3.8.2,Intel Core i7-2600K (64-bit),Ubuntu 20.04 LTS,clang 10.0.0-4ubuntu1
2020-11-18 16:57:29.795433,0.093107,0.015036,6e99a2db100d794b1bf900746470527cd03fce16,c2dd7b1061a8c4f73c055bec7e8d30443e226fe4,3.8.2,Intel Core i7-2600K (64-bit),Ubuntu 20.04 LTS,clang 10.0.0-4ubuntu1
2020-11-18 17:15:30.867563,0.093118,0.013961,849a7f73d864603ea4feae99a98ef5d74869e2af,c2dd7b1061a8c4f73c055bec7e8d30443e226fe4,3.8.2,Intel Core i7-2600K (64-bit),Ubuntu 20.04 LTS,clang 10.0.0-4ubuntu1
2020-11-21 17:02:21.643450,0.093128,0.012885,40fd841a005936d95e7c351435f1b7b7b4bdd43d,c2dd7b1061a8c4f73c055bec7e8d30443e226fe4,3.8.2,Intel Core i7-2600K (64-bit),Ubuntu 20.04 LTS,clang 10.0.0-4ubuntu1
2020-11-23 16:58:00.483240,0.093122,0.017182,83b30ee6a60bdd7c1070ce39d41c79d489183966,795ac936e98a97473b6732b93e8cc439cf985921,3.8.2,Intel Core i7-2600K (64-bit),Ubuntu 20.04 LTS,clang 10.0.0-4ubuntu1
2020-11-25 16:59:51.323246,0.093128,0.021476,3144640fdee12700c56ea75ad238384ea1b429cc,795ac936e98a97473b6732b93e8cc439cf985921,3.8.2,Intel Core i7-2600K (64-bit),Ubuntu 20.04 LTS,clang 10.0.0-4ubuntu1
2020-11-25 17:18:10.871220,0.093122,0.012886,705f8812e6ceb4aa52f729a4a1de5ea0cad15c0b,795ac936e98a97473b6732b93e8cc439cf985921,3.8.2,Intel Core i7-2600K (64-bit),Ubuntu 20.04 LTS,clang 10.0.0-4ubuntu1
2020-11-26 17:10:55.527370,0.093113,0.010740,dbca5a54cb343dcee4a1f93af569a9dcf13ce242,795ac936e98a97473b6732b93e8cc439cf985921,3.8.2,Intel Core i7-2600K (64-bit),Ubuntu 20.04 LTS,clang 10.0.0-4ubuntu1
2020-11-27 17:02:43.951448,0.090798,0.018723,109d05edca23d6f94542fb28e11e3cb0b6f7e159,795ac936e98a97473b6732b93e8cc439cf985921,3.8.2,Intel Core i7-2600K (64-bit),Ubuntu 20.04 LTS,clang 10.0.0-4ubuntu1
2020-11-27 17:21:04.283558,0.093117,0.017183,52225ab91703a7283c9e4bd129402a4e43abdb66,795ac936e98a97473b6732b93e8cc439cf985921,3.8.2,Intel Core i7-2600K (64-bit),Ubuntu 20.04 LTS,clang 10.0.0-4ubuntu1
2020-11-27 17:39:24.575370,0.093115,0.008592,6e5286e5242519bcba8f005900312a375b0e7688,795ac936e98a97473b6732b93e8cc439cf985921,3.8.2,Intel Core i7-2600K (64-bit),Ubuntu 20.04 LTS,clang 10.0.0-4ubuntu1
2020-11-27 17:57:44.507674,0.093120,0.013960,d1d999c0baaf7218a750bbdf8df7b78e03bfe8fb,795ac936e98a97473b6732b93e8cc439cf985921,3.8.2,Intel Core i7-2600K (64-bit),Ubuntu 20.04 LTS,clang 10.0.0-4ubuntu1
2020-11-28 17:13:10.199275,0.090805,0.023126,98beb8e8febfd39992b0ba69ba15c0b2362b847d,795ac936e98a97473b6732b93e8cc439cf985921,3.8.2,Intel Core i7-2600K (64-bit),Ubuntu 20.04 LTS,clang 10.0.0-4ubuntu1
2020-11-28 17:31:42.315378,0.090783,0.018726,fc212ef893a0c3e6d500be89aa4d9302c1219595,795ac936e98a97473b6732b93e8cc439cf985921,3.8.2,Intel Core i7-2600K (64-bit),Ubuntu 20.04 LTS,clang 10.0.0-4ubuntu1
2020-11-28 17:50:14.475193,0.090794,0.024231,fdba3cd495b657995a7283063afd1e86ff49165d,795ac936e98a97473b6732b93e8cc439cf985921,3.8.2,Intel Core i7-2600K (64-bit),Ubuntu 20.04 LTS,clang 10.0.0-4ubuntu1
2020-11-29 17:11:01.651330,0.090798,0.015419,06589112d2513edeb90386613c2f201e72b08059,795ac936e98a97473b6732b93e8cc439cf985921,3.8.2,Intel Core i7-2600K (64-bit),Ubuntu 20.04 LTS,clang 10.0.0-4ubuntu1
2020-11-30 17:03:15.699651,0.090811,0.015417,88f76ee0e95674cc1ff4c723a86156823fb06291,795ac936e98a97473b6732b93e8cc439cf985921,3.8.2,Intel Core i7-2600K (64-bit),Ubuntu 20.04 LTS,clang 10.0.0-4ubuntu1
2020-11-30 17:21:47.699487,0.090805,0.014316,f0c78c14588bc73541eccf24c2bf790396ddfde3,795ac936e98a97473b6732b93e8cc439cf985921,3.8.2,Intel Core i7-2600K (64-bit),Ubuntu 20.04 LTS,clang 10.0.0-4ubuntu1
2020-12-03 16:55:59.527479,0.092170,0.717153,98eee40c8e6b111361b3e2d69059b445852fbda3,795ac936e98a97473b6732b93e8cc439cf985921,3.8.2,Intel Core i7-2600K (64-bit),Ubuntu 20.04 LTS,clang 10.0.0-4ubuntu1
2020-12-08 17:07:54.799304,0.092377,0.022733,eac1897cff2b0a24584737ba0afd1a3004d37ad1,795ac936e98a97473b6732b93e8cc439cf985921,3.8.2,Intel Core i7-2600K (64-bit),Ubuntu 20.04 LTS,clang 10.0.0-4ubuntu1
2020-12-11 17:00:42.134891,0.092379,0.015155,35e5031b30e25faf9aff6caacfe9b8f185fa430e,795ac936e98a97473b6732b93e8cc439cf985921,3.8.2,Intel Core i7-2600K (64-bit),Ubuntu 20.04 LTS,clang 10.0.0-4ubuntu1
2020-12-12 17:12:12.483406,0.092377,0.010825,9c54cc3f1c73150992345350be834f2987b3967d,795ac936e98a97473b6732b93e8cc439cf985921,3.8.2,Intel Core i7-2600K (64-bit),Ubuntu 20.04 LTS,clang 10.0.0-4ubuntu1
2020-12-12 17:30:46.727407,0.092355,0.079043,cdd5badebee3ed62be8671eb0236fe16e7510eae,795ac936e98a97473b6732b93e8cc439cf985921,3.8.2,Intel Core i7-2600K (64-bit),Ubuntu 20.04 LTS,clang 10.0.0-4ubuntu1
2020-12-13 17:08:12.027477,0.092361,0.016241,05d9fb15dcec8bde4e7184ca387e7d8acea68792,795ac936e98a97473b6732b93e8cc439cf985921,3.8.2,Intel Core i7-2600K (64-bit),Ubuntu 20.04 LTS,clang 10.0.0-4ubuntu1
2020-12-13 17:26:46.775356,0.092369,0.018404,ac324950a7c95f0e51d72ae18fbd8652d37f7847,795ac936e98a97473b6732b93e8cc439cf985921,3.8.2,Intel Core i7-2600K (64-bit),Ubuntu 20.04 LTS,clang 10.0.0-4ubuntu1
2020-12-17 17:13:02.255563,0.092379,0.016237,38409ba324699a42c47571bbc1b1bab7d0b032f6,795ac936e98a97473b6732b93e8cc439cf985921,3.8.2,Intel Core i7-2600K (64-bit),Ubuntu 20.04 LTS,clang 10.0.0-4ubuntu1
2020-12-17 17:31:37.495480,0.092383,0.015154,990b6a6f03ad82c10cb8edbe70508b943336f7f3,795ac936e98a97473b6732b93e8cc439cf985921,3.8.2,Intel Core i7-2600K (64-bit),Ubuntu 20.04 LTS,clang 10.0.0-4ubuntu1
2020-12-17 17:50:12.283255,0.092149,0.799792,eb0bf114743e4b2a65582e83feacb184eb5c6d64,795ac936e98a97473b6732b93e8cc439cf985921,3.8.2,Intel Core i7-2600K (64-bit),Ubuntu 20.04 LTS,clang 10.0.0-4ubuntu1
2020-12-18 17:03:31.335187,0.092387,0.025978,39698d52e933a30cd744c25c388c514997b6b95f,795ac936e98a97473b6732b93e8cc439cf985921,3.8.2,Intel Core i7-2600K (64-bit),Ubuntu 20.04 LTS,clang 10.0.0-4ubuntu1
2020-12-18 17:22:06.583327,0.092374,0.014073,efa62358bd98943edd624779684b58be38799072,795ac936e98a97473b6732b93e8cc439cf985921,3.8.2,Intel Core i7-2600K (64-bit),Ubuntu 20.04 LTS,clang 10.0.0-4ubuntu1
2020-12-20 17:10:15.091190,0.092371,0.009743,28d123f025c8f2ed8bb1e6b4590f3ba023f27b3a,795ac936e98a97473b6732b93e8cc439cf985921,3.8.2,Intel Core i7-2600K (64-bit),Ubuntu 20.04 LTS,clang 10.0.0-4ubuntu1
2020-12-22 17:00:25.979577,0.092372,0.009743,dc251783ccb9baa48fc62d109a88854ac514816d,795ac936e98a97473b6732b93e8cc439cf985921,3.8.2,Intel Core i7-2600K (64-bit),Ubuntu 20.04 LTS,clang 10.0.0-4ubuntu1
2020-12-28 17:06:59.401279,0.092371,0.015156,7664031adfb2f7082a066b53dfa41ce30449bf21,795ac936e98a97473b6732b93e8cc439cf985921,3.8.2,Intel Core i7-2600K (64-bit),Ubuntu 20.04 LTS,clang 10.0.0-4ubuntu1
